fetch_date,today_date,site_updated,kind,model_id,model,dai,box_d2,box_d1,box_d0,hit_d2,hit_d1,hit_d0,prob_d2,prob_d1,prob_d0
2026-09-10,2026-09-10,9/10 11:01,パチンコ,3807,e/押忍番長漢の頂/A03,0401,0.0,-1.0,0.0,0,1,0,,1/104,
2026-09-10,2026-09-10,9/10 11:01,パチンコ,3807,e/押忍番長漢の頂/A03,0402,-0.1,3.1,0.0,0,16,0,1/12,1/45,
2026-09-10,2026-09-10,9/10 11:01,パチンコ,3794,e/ﾜｰﾙﾄﾞﾀﾞｲｽﾀｰ/L04,0398,-2.3,0.4,0.0,2,3,0,1/152,1/18,
2026-09-10,2026-09-10,9/10 11:01,パチンコ,3825,etakt op. DestinyH6,0404,-2.4,1.8,0.0,12,26,0,1/241,1/125,
2026-09-10,2026-09-10,9/10 11:01,パチンコ,3733,eいせれべFSZ,0357,-1.5,0.0,0.0,1,0,0,1/185,,
2026-09-10,2026-09-10,9/10 11:01,パチンコ,3683,eとある科学の超電磁砲 LTRSY,0389,-2.5,-1.2,0.0,0,3,0,1/234,1/55,
2026-09-10,2026-09-10,9/10 11:01,パチンコ,3640,eとある魔術の禁書目録 一方通行,0406,-1.1,-0.7,0.0,0,0,0,1/129,1/84,
2026-09-10,2026-09-10,9/10 11:01,パチンコ,3640,eとある魔術の禁書目録 一方通行,0407,-0.6,-0.5,0.0,0,0,0,1/69,1/47,
2026-09-10,2026-09-10,9/10 11:01,パチンコ,3777,eひきこまり吸血姫の悶々FHV,0361,-9.8,-9.3,0.0,5,3,0,1/221,1/365,1/8
2026-09-10,2026-09-10,9/10 11:01,パチンコ,3806,e七つの大罪3GFEA,0370,-6.5,-1.9,0.0,2,1,0,1/324,1/213,
2026-09-10,2026-09-10,9/10 11:01,パチンコ,3414,e乃木坂46ⅡK4,0411,-1.0,-0.9,0.0,0,6,0,1/97,1/313,
2026-09-10,2026-09-10,9/10 11:01,パチンコ,3595,e仮面ﾗｲﾀﾞｰBLACK-KRJ2,0354,2.5,-0.2,0.0,5,0,0,1/116,1/27,
2026-09-10,2026-09-10,9/10 11:01,パチンコ,3785,e化物語2GSED,0360,-2.9,-1.9,-0.4,3,5,0,1/113,1/214,1/42
2026-09-10,2026-09-10,9/10 11:01,パチンコ,3705,e北斗の拳11暴凶星SHEF,0247,15.5,-0.5,0.0,25,1,0,1/95,1/127,
2026-09-10,2026-09-10,9/10 11:01,パチンコ,3705,e北斗の拳11暴凶星SHEF,0248,0.0,-0.4,0.0,0,0,0,,1/32,
2026-09-10,2026-09-10,9/10 11:01,パチンコ,3705,e北斗の拳11暴凶星SHEF,0249,-4.5,4.0,0.0,2,8,0,1/284,1/207,
2026-09-10,2026-09-10,9/10 11:01,パチンコ,3705,e北斗の拳11暴凶星SHEF,0250,6.6,-0.9,-0.1,11,1,0,1/104,1/101,1/16
2026-09-10,2026-09-10,9/10 11:01,パチンコ,3705,e北斗の拳11暴凶星SHEF,0251,-6.4,-5.7,-0.1,0,2,0,1/564,1/350,1/6
2026-09-10,2026-09-10,9/10 11:01,パチンコ,3706,e地獄少女7500Ver.RHZ,0246,5.1,-0.5,0.0,10,8,0,1/153,1/175,
2026-09-10,2026-09-10,9/10 11:01,パチンコ,3728,e女神のｶﾌｪﾃﾗｽJLZ,0184,0.5,-1.8,0.0,3,0,0,1/119,1/349,
2026-09-10,2026-09-10,9/10 11:01,パチンコ,3728,e女神のｶﾌｪﾃﾗｽJLZ,0185,3.1,3.6,-0.1,4,5,0,1/315,1/170,1/3
2026-09-10,2026-09-10,9/10 11:01,パチンコ,3713,e新世紀ｴｳﾞｧﾝｹﾞﾘｵﾝ17,0237,5.7,-1.4,-0.7,14,7,0,1/514,1/418,1/72
2026-09-10,2026-09-10,9/10 11:01,パチンコ,3713,e新世紀ｴｳﾞｧﾝｹﾞﾘｵﾝ17,0238,0.0,-3.2,0.0,0,3,0,,1/128,
2026-09-10,2026-09-10,9/10 11:01,パチンコ,3713,e新世紀ｴｳﾞｧﾝｹﾞﾘｵﾝ17,0239,-0.7,-0.8,0.0,0,0,0,1/70,1/77,
2026-09-10,2026-09-10,9/10 11:01,パチンコ,3713,e新世紀ｴｳﾞｧﾝｹﾞﾘｵﾝ17,0240,1.1,2.8,0.0,12,6,0,1/163,1/127,
2026-09-10,2026-09-10,9/10 11:01,パチンコ,3713,e新世紀ｴｳﾞｧﾝｹﾞﾘｵﾝ17,0241,-0.8,6.7,0.0,0,9,0,1/76,1/116,
2026-09-10,2026-09-10,9/10 11:01,パチンコ,3713,e新世紀ｴｳﾞｧﾝｹﾞﾘｵﾝ17,0242,-0.7,9.0,-0.1,0,20,0,1/66,1/152,1/13
2026-09-10,2026-09-10,9/10 11:01,パチンコ,3713,e新世紀ｴｳﾞｧﾝｹﾞﾘｵﾝ17,0243,-1.9,5.3,-1.6,0,13,1,1/185,1/468,1/176
2026-09-10,2026-09-10,9/10 11:01,パチンコ,3713,e新世紀ｴｳﾞｧﾝｹﾞﾘｵﾝ17,0244,12.9,13.2,-0.1,19,13,0,1/220,1/182,1/15
2026-09-10,2026-09-10,9/10 11:01,パチンコ,3803,e東京喰種MW,0181,3.1,-6.9,-2.1,13,14,0,1/223,1/387,1/423
2026-09-10,2026-09-10,9/10 11:01,パチンコ,3803,e東京喰種MW,0182,-1.2,2.9,-0.7,31,28,0,1/317,1/340,1/145
2026-09-10,2026-09-10,9/10 11:01,パチンコ,3803,e東京喰種MW,0183,1.9,-5.5,-2.1,16,16,0,1/297,1/608,1/438
2026-09-10,2026-09-10,9/10 11:01,パチンコ,3565,e東京喰種W,0186,-1.6,-3.7,0.0,3,2,0,1/238,1/224,
2026-09-10,2026-09-10,9/10 11:01,パチンコ,3565,e東京喰種W,0187,-3.0,13.0,0.0,0,16,0,1/303,1/128,
2026-09-10,2026-09-10,9/10 11:01,パチンコ,3565,e東京喰種W,0188,17.4,-0.6,0.0,25,8,0,1/87,1/155,
2026-09-10,2026-09-10,9/10 11:01,パチンコ,3565,e東京喰種W,0189,-2.9,-6.8,0.0,3,2,0,1/636,1/342,
2026-09-10,2026-09-10,9/10 11:01,パチンコ,3565,e東京喰種W,0190,-10.3,-6.4,0.0,5,3,0,1/257,1/221,
2026-09-10,2026-09-10,9/10 11:01,パチンコ,3565,e東京喰種W,0191,19.2,-7.1,0.0,22,4,0,1/93,1/246,
2026-09-10,2026-09-10,9/10 11:01,パチンコ,3644,e東京ﾘﾍﾞﾝｼﾞｬｰｽﾞGFEC,0380,-0.5,-1.8,0.0,0,1,0,1/42,1/192,
2026-09-10,2026-09-10,9/10 11:01,パチンコ,3644,e東京ﾘﾍﾞﾝｼﾞｬｰｽﾞGFEC,0381,-4.1,-2.9,0.0,0,1,0,1/365,1/274,
2026-09-10,2026-09-10,9/10 11:01,パチンコ,3644,e東京ﾘﾍﾞﾝｼﾞｬｰｽﾞGFEC,0382,-0.3,-3.5,0.0,0,1,0,1/34,1/346,
2026-09-10,2026-09-10,9/10 11:01,パチンコ,3791,e東京ﾘﾍﾞﾝｼﾞｬｰｽﾞ聖夜決戦編EREC,0366,-0.1,2.3,0.0,0,7,0,1/8,1/91,
2026-09-10,2026-09-10,9/10 11:01,パチンコ,3791,e東京ﾘﾍﾞﾝｼﾞｬｰｽﾞ聖夜決戦編EREC,0367,-0.8,-6.8,-0.5,0,3,0,1/65,1/219,1/51
2026-09-10,2026-09-10,9/10 11:01,パチンコ,3792,e無職転生異世界行ったら本気だす,0368,-4.6,4.0,-0.8,6,9,0,1/423,1/282,1/70
2026-09-10,2026-09-10,9/10 11:01,パチンコ,3656,e牙狼12XX-MJ,0233,-0.7,-5.6,0.0,1,1,0,1/158,1/570,
2026-09-10,2026-09-10,9/10 11:01,パチンコ,3656,e牙狼12XX-MJ,0234,-1.7,-3.2,0.0,0,1,0,1/173,1/465,
2026-09-10,2026-09-10,9/10 11:01,パチンコ,3656,e牙狼12XX-MJ,0235,-0.2,-2.2,0.0,0,11,0,1/31,1/232,
2026-09-10,2026-09-10,9/10 11:01,パチンコ,3656,e牙狼12XX-MJ,0236,-2.1,-13.8,0.0,3,2,0,1/234,1/770,
2026-09-10,2026-09-10,9/10 11:01,パチンコ,3746,e牙狼ﾄﾘﾌﾟﾙﾊﾞｰｽﾄRF,0177,-0.1,-1.4,0.0,0,10,0,1/29,1/363,
2026-09-10,2026-09-10,9/10 11:01,パチンコ,3747,e甲鉄城のｶﾊﾞﾈﾘ2GFEA,0371,0.0,-0.5,0.0,0,0,0,,1/45,
2026-09-10,2026-09-10,9/10 11:01,パチンコ,3720,e盾の勇者の成り上がりEREF,0245,-0.1,-0.9,0.0,0,1,0,1/14,1/86,
2026-09-10,2026-09-10,9/10 11:01,パチンコ,3731,e真北斗無双5夢幻闘双SCEA,0231,-0.6,-0.1,0.0,0,0,0,1/71,1/12,
2026-09-10,2026-09-10,9/10 11:01,パチンコ,3731,e真北斗無双5夢幻闘双SCEA,0232,-0.1,-0.3,0.0,0,0,0,1/5,1/27,
2026-09-10,2026-09-10,9/10 11:01,パチンコ,3653,e真･一騎当千~軍神覚醒~AM-TS,0408,2.0,5.5,0.0,15,14,0,1/133,1/162,
2026-09-10,2026-09-10,9/10 11:01,パチンコ,3793,e結城友奈は勇者であるMP,0369,0.0,-0.3,0.0,0,0,0,,1/29,
2026-09-10,2026-09-10,9/10 11:01,パチンコ,3650,e花の慶次~傾奇一転H6,0355,0.0,-1.3,0.0,0,0,0,,1/141,
2026-09-10,2026-09-10,9/10 11:01,パチンコ,3650,e花の慶次~傾奇一転H6,0356,-0.9,0.0,0.0,0,0,0,1/132,,
2026-09-10,2026-09-10,9/10 11:01,パチンコ,3696,e花の慶次~黄金の一撃H4,0372,-3.8,-0.1,0.0,1,0,0,1/456,1/9,
2026-09-10,2026-09-10,9/10 11:01,パチンコ,3696,e花の慶次~黄金の一撃H4,0373,-0.6,-13.2,-2.2,0,4,2,1/57,1/751,1/149
2026-09-10,2026-09-10,9/10 11:01,パチンコ,3696,e花の慶次~黄金の一撃H4,0374,2.8,0.0,0.0,17,0,0,1/169,,
2026-09-10,2026-09-10,9/10 11:01,パチンコ,3822,e魔女と野獣FKZ,0178,6.4,5.4,-1.5,24,25,0,1/343,1/323,1/278
2026-09-10,2026-09-10,9/10 11:01,パチンコ,3750,e魔法少女まどか☆ﾏｷﾞｶ3LPM1,0378,-11.1,-4.2,-1.4,2,0,0,1/628,1/442,1/149
2026-09-10,2026-09-10,9/10 11:01,パチンコ,3750,e魔法少女まどか☆ﾏｷﾞｶ3LPM1,0379,-1.5,0.0,0.0,0,0,0,1/166,,
2026-09-10,2026-09-10,9/10 11:01,パチンコ,3654,e黄門ちゃま9HC3,0412,-7.0,-6.8,0.0,1,1,0,1/840,1/813,
2026-09-10,2026-09-10,9/10 11:01,パチンコ,3761,eｱｸﾀﾞﾏﾄﾞﾗｲﾌﾞEHLT,0394,0.0,-1.5,0.0,0,0,0,,1/171,
2026-09-10,2026-09-10,9/10 11:01,パチンコ,3823,eｱｻﾙﾄﾘﾘｨZ,0179,4.7,-9.6,-0.5,21,4,0,1/224,1/306,1/54
2026-09-10,2026-09-10,9/10 11:01,パチンコ,3823,eｱｻﾙﾄﾘﾘｨZ,0180,-1.9,-4.3,0.0,7,12,0,1/162,1/167,
2026-09-10,2026-09-10,9/10 11:01,パチンコ,3684,eｶﾞｰﾙｽﾞ&ﾊﾟﾝﾂｧｰ3LAH1,0390,-0.3,1.9,0.0,0,6,0,1/28,1/80,
2026-09-10,2026-09-10,9/10 11:01,パチンコ,3778,eｷﾞﾝﾊﾟﾗVIVAFESTAHTA2,0358,-0.8,10.2,0.0,0,19,0,1/79,1/74,
2026-09-10,2026-09-10,9/10 11:01,パチンコ,3805,eｿｰﾄﾞｱｰﾄ･ｵﾝﾗｲﾝ ｱﾘｼｾﾞｰｼｮﾝYKJ11,0359,0.2,-1.0,-1.3,27,20,1,1/199,1/151,1/198
2026-09-10,2026-09-10,9/10 11:01,パチンコ,3483,eｿｰﾄﾞｱｰﾄ･ｵﾝﾗｲﾝ~閃光の軌跡~K7,0391,-0.2,-2.7,0.0,1,0,0,1/27,1/254,
2026-09-10,2026-09-10,9/10 11:01,パチンコ,3483,eｿｰﾄﾞｱｰﾄ･ｵﾝﾗｲﾝ~閃光の軌跡~K7,0392,-0.9,-1.0,0.0,0,3,0,1/80,1/276,
2026-09-10,2026-09-10,9/10 11:01,パチンコ,3820,eｿﾞﾝ100MA,0393,-0.5,-0.9,0.0,1,0,0,1/81,1/112,
2026-09-10,2026-09-10,9/10 11:01,パチンコ,3693,eﾉｰｹﾞｰﾑ･ﾉｰﾗｲﾌV3C,0353,0.0,0.0,0.0,0,0,0,,,
2026-09-10,2026-09-10,9/10 11:01,パチンコ,3779,eﾊﾞｲｵﾊｻﾞｰﾄﾞ6APN,0365,0.0,-3.1,0.0,0,9,0,,1/71,
2026-09-10,2026-09-10,9/10 11:01,パチンコ,3553,eﾌｨｰﾊﾞｰうたわれるものZ,0409,0.0,0.0,0.0,0,0,0,,,
2026-09-10,2026-09-10,9/10 11:01,パチンコ,3553,eﾌｨｰﾊﾞｰうたわれるものZ,0410,0.0,-0.2,0.0,0,2,0,,1/51,
2026-09-10,2026-09-10,9/10 11:01,パチンコ,3425,eﾌｨｰﾊﾞｰからくりｻｰｶｽ2R,0396,0.0,-1.9,0.0,0,0,0,,1/185,
2026-09-10,2026-09-10,9/10 11:01,パチンコ,3425,eﾌｨｰﾊﾞｰからくりｻｰｶｽ2R,0397,19.4,-1.4,0.0,25,1,0,1/103,1/211,
2026-09-10,2026-09-10,9/10 11:01,パチンコ,3694,eﾌｨｰﾊﾞｰもののがたりF,0385,0.0,0.0,0.0,0,0,0,,,
2026-09-10,2026-09-10,9/10 11:01,パチンコ,3694,eﾌｨｰﾊﾞｰもののがたりF,0386,-0.8,-1.6,0.0,0,0,0,1/66,1/163,
2026-09-10,2026-09-10,9/10 11:01,パチンコ,3606,eﾌｨｰﾊﾞｰ彼女、お借りしますH,0405,9.5,-8.7,-3.1,12,3,0,1/121,1/388,1/336
2026-09-10,2026-09-10,9/10 11:01,パチンコ,3804,eﾌｨｰﾊﾞｰ機動戦士ｶﾞﾝﾀﾞﾑSEED2bF,0226,-5.4,-5.7,-0.5,4,7,0,1/382,1/343,1/56
2026-09-10,2026-09-10,9/10 11:01,パチンコ,3804,eﾌｨｰﾊﾞｰ機動戦士ｶﾞﾝﾀﾞﾑSEED2bF,0227,-10.8,6.0,0.0,5,18,0,1/257,1/106,
2026-09-10,2026-09-10,9/10 11:01,パチンコ,3804,eﾌｨｰﾊﾞｰ機動戦士ｶﾞﾝﾀﾞﾑSEED2bF,0228,3.3,1.9,-0.2,16,16,0,1/428,1/167,1/10
2026-09-10,2026-09-10,9/10 11:01,パチンコ,3639,eﾌｨｰﾊﾞｰ炎炎ﾉ消防隊2MS,0222,-0.6,12.8,0.0,0,20,0,1/65,1/108,
2026-09-10,2026-09-10,9/10 11:01,パチンコ,3639,eﾌｨｰﾊﾞｰ炎炎ﾉ消防隊2MS,0223,-1.3,-0.8,0.0,0,6,0,1/120,1/274,
2026-09-10,2026-09-10,9/10 11:01,パチンコ,3639,eﾌｨｰﾊﾞｰ炎炎ﾉ消防隊2MS,0224,-0.1,-1.0,0.0,6,1,0,1/251,1/181,
2026-09-10,2026-09-10,9/10 11:01,パチンコ,3639,eﾌｨｰﾊﾞｰ炎炎ﾉ消防隊2MS,0225,0.0,-3.6,0.0,0,1,0,,1/435,
2026-09-10,2026-09-10,9/10 11:01,パチンコ,3760,eﾌｨｰﾊﾞｰﾀﾞﾝﾍﾞﾙ何ｷﾛ持てる?2F,0387,-0.1,-9.8,0.0,0,10,0,1/7,1/109,
2026-09-10,2026-09-10,9/10 11:01,パチンコ,3760,eﾌｨｰﾊﾞｰﾀﾞﾝﾍﾞﾙ何ｷﾛ持てる?2F,0388,0.7,-5.3,0.0,3,1,0,1/218,1/524,
2026-09-10,2026-09-10,9/10 11:01,パチンコ,3730,eﾌｨｰﾊﾞｰﾊﾞｽﾀｰﾄﾞG,0403,0.0,-6.6,0.0,0,1,0,,1/683,
2026-09-10,2026-09-10,9/10 11:01,パチンコ,3670,eﾌｨｰﾊﾞｰﾌﾞﾙｰﾛｯｸMZ,0375,-1.3,-0.4,0.0,0,0,0,1/104,1/41,
2026-09-10,2026-09-10,9/10 11:01,パチンコ,3670,eﾌｨｰﾊﾞｰﾌﾞﾙｰﾛｯｸMZ,0376,-0.6,0.0,0.0,1,0,0,1/125,,
2026-09-10,2026-09-10,9/10 11:01,パチンコ,3795,eﾌｨｰﾊﾞｰﾌﾞﾙｰﾛｯｸY,0399,0.6,2.6,0.0,4,12,0,1/29,1/55,
2026-09-10,2026-09-10,9/10 11:01,パチンコ,3795,eﾌｨｰﾊﾞｰﾌﾞﾙｰﾛｯｸY,0400,-1.7,-1.7,0.0,0,0,0,1/178,1/166,
2026-09-10,2026-09-10,9/10 11:01,パチンコ,3801,eﾍﾞﾙｾﾙｸ無双2HM4,0395,-0.7,-7.1,-2.7,0,3,3,1/95,1/301,1/129
2026-09-10,2026-09-10,9/10 11:01,パチンコ,3649,eﾏｷﾞｱﾚｺｰﾄﾞ魔法少女まどか☆外伝,0383,-0.4,-0.1,0.0,0,0,0,1/45,1/5,
2026-09-10,2026-09-10,9/10 11:01,パチンコ,3649,eﾏｷﾞｱﾚｺｰﾄﾞ魔法少女まどか☆外伝,0384,-0.8,0.2,0.0,0,1,0,1/89,1/39,
2026-09-10,2026-09-10,9/10 11:01,パチンコ,3764,eﾗｸﾞﾅﾄﾞｰﾙCMB,0362,-1.9,-1.9,0.0,0,1,0,1/185,1/188,
2026-09-10,2026-09-10,9/10 11:01,パチンコ,3763,eﾘｺﾘｽ･ﾘｺｲﾙM3,0363,-9.3,-5.8,0.0,6,2,0,1/592,1/613,
2026-09-10,2026-09-10,9/10 11:01,パチンコ,3763,eﾘｺﾘｽ･ﾘｺｲﾙM3,0364,-3.0,-6.0,0.0,19,2,0,1/325,1/305,
2026-09-10,2026-09-10,9/10 11:01,パチンコ,3770,eﾘﾝｸﾞ 最恐領域RHA,0229,2.6,-0.9,0.0,6,0,0,1/124,1/97,
2026-09-10,2026-09-10,9/10 11:01,パチンコ,3770,eﾘﾝｸﾞ 最恐領域RHA,0230,-0.2,16.3,0.0,0,17,0,1/21,1/85,
2026-09-10,2026-09-10,9/10 11:01,パチンコ,3695,eﾙﾊﾟﾝ三世VSｷｬｯﾂｱｲMAH4,0377,-0.8,1.3,-0.9,0,7,0,1/86,1/111,1/81
2026-09-10,2026-09-10,9/10 11:01,パチンコ,2371,P Re:ｾﾞﾛ鬼がかりver.M08,0147,-0.1,-0.1,0.0,0,0,0,1/8,1/6,
2026-09-10,2026-09-10,9/10 11:01,パチンコ,2371,P Re:ｾﾞﾛ鬼がかりver.M08,0148,1.1,0.0,0.0,1,0,0,1/49,,
2026-09-10,2026-09-10,9/10 11:01,パチンコ,3749,P/Re:ｾﾞﾛseason2/M04,0336,-2.7,-4.8,-1.3,0,24,0,1/258,1/306,1/120
2026-09-10,2026-09-10,9/10 11:01,パチンコ,3692,P/Re:ｾﾞﾛから始める異世界生活L07,0310,-3.4,-1.8,0.0,2,2,0,1/205,1/310,
2026-09-10,2026-09-10,9/10 11:01,パチンコ,2831,P009 RE:CYBORG N3-K,0087,-1.9,-0.5,0.0,1,0,0,1/193,1/43,
2026-09-10,2026-09-10,9/10 11:01,パチンコ,2320,P009RE:CYBORGM4-K,0352,-3.1,-4.8,0.0,1,2,0,1/386,1/256,
2026-09-10,2026-09-10,9/10 11:01,パチンコ,3641,PACYBORG009N2-K,0258,1.3,0.0,0.0,10,0,0,1/36,,
2026-09-10,2026-09-10,9/10 11:01,パチンコ,3548,PAひぐらしのなく頃に･輪廻転生99,0315,0.4,-1.1,0.0,5,3,0,1/40,1/86,
2026-09-10,2026-09-10,9/10 11:01,パチンコ,3409,PAわんわんｾﾚﾌﾞﾚｰｼｮﾝAGBD,0081,1.4,-0.1,0.0,10,0,0,1/54,1/4,
2026-09-10,2026-09-10,9/10 11:01,パチンコ,3409,PAわんわんｾﾚﾌﾞﾚｰｼｮﾝAGBD,0082,0.5,0.6,0.0,9,8,0,1/104,1/143,
2026-09-10,2026-09-10,9/10 11:01,パチンコ,3409,PAわんわんｾﾚﾌﾞﾚｰｼｮﾝAGBD,0083,2.4,-2.3,-2.0,37,11,3,1/97,1/72,1/240
2026-09-10,2026-09-10,9/10 11:01,パチンコ,3409,PAわんわんｾﾚﾌﾞﾚｰｼｮﾝAGBD,0084,-2.0,3.3,-1.0,4,25,0,1/168,1/94,1/112
2026-09-10,2026-09-10,9/10 11:01,パチンコ,3729,PA乗物娘2N,0132,0.0,0.1,0.0,0,3,0,,1/34,
2026-09-10,2026-09-10,9/10 11:01,パチンコ,3538,PA大海物語5HLD,0215,-2.3,-0.8,0.0,1,4,0,1/295,1/61,
2026-09-10,2026-09-10,9/10 11:01,パチンコ,3538,PA大海物語5HLD,0216,-1.3,-0.9,0.0,3,3,0,1/200,1/207,
2026-09-10,2026-09-10,9/10 11:01,パチンコ,3824,PA大海物語ｱｸﾞﾈｽﾌﾟﾚﾐｱRBA,0207,3.8,-1.5,0.0,49,36,0,1/62,1/86,
2026-09-10,2026-09-10,9/10 11:01,パチンコ,3824,PA大海物語ｱｸﾞﾈｽﾌﾟﾚﾐｱRBA,0208,-2.6,-1.0,0.0,15,10,0,1/97,1/86,
2026-09-10,2026-09-10,9/10 11:01,パチンコ,3824,PA大海物語ｱｸﾞﾈｽﾌﾟﾚﾐｱRBA,0209,-4.9,2.6,0.0,29,24,0,1/88,1/74,
2026-09-10,2026-09-10,9/10 11:01,パチンコ,3824,PA大海物語ｱｸﾞﾈｽﾌﾟﾚﾐｱRBA,0210,1.7,-4.8,0.3,54,11,5,1/91,1/146,1/145
2026-09-10,2026-09-10,9/10 11:01,パチンコ,2530,PA新海物語AR BB,0218,2.2,0.6,0.0,11,4,0,1/31,1/21,
2026-09-10,2026-09-10,9/10 11:01,パチンコ,2530,PA新海物語AR BB,0219,0.2,-0.5,0.0,18,8,0,1/89,1/123,
2026-09-10,2026-09-10,9/10 11:01,パチンコ,3601,PA海物語3R3LBA,0194,0.0,1.3,0.0,39,40,0,1/131,1/98,
2026-09-10,2026-09-10,9/10 11:01,パチンコ,3601,PA海物語3R3LBA,0195,0.1,0.0,0.0,3,0,0,1/40,,
2026-09-10,2026-09-10,9/10 11:01,パチンコ,2275,PA海物語INｼﾞｬﾊﾟﾝ2RA,0217,0.8,0.0,0.0,3,9,0,1/80,1/76,
2026-09-10,2026-09-10,9/10 11:01,パチンコ,3712,PA海物語極ｼﾞｬﾊﾟﾝHBD,0192,-2.2,-0.6,0.0,0,0,0,1/248,1/68,
2026-09-10,2026-09-10,9/10 11:01,パチンコ,3712,PA海物語極ｼﾞｬﾊﾟﾝHBD,0193,0.0,0.0,0.0,0,0,0,,,
2026-09-10,2026-09-10,9/10 11:01,パチンコ,3727,PA清流物語4HBB,0196,2.2,-0.9,0.0,6,1,0,1/36,1/142,
2026-09-10,2026-09-10,9/10 11:01,パチンコ,2476,PA激ﾃﾞｼﾞｼﾞｭｰｼｰﾊﾆｰ3NCY,0290,-0.8,1.8,0.0,4,11,0,1/84,1/63,
2026-09-10,2026-09-10,9/10 11:01,パチンコ,3784,PA花の慶次~傾奇一転N,0272,-0.3,-0.7,0.0,0,0,0,1/34,1/59,
2026-09-10,2026-09-10,9/10 11:01,パチンコ,3784,PA花の慶次~傾奇一転N,0273,0.1,0.0,0.0,13,0,0,1/37,,
2026-09-10,2026-09-10,9/10 11:01,パチンコ,3784,PA花の慶次~傾奇一転N,0274,0.2,1.9,0.0,2,14,0,1/28,1/34,
2026-09-10,2026-09-10,9/10 11:01,パチンコ,2183,PA花の慶次~蓮N-V,0282,3.7,-0.2,0.0,22,0,0,1/61,1/26,
2026-09-10,2026-09-10,9/10 11:01,パチンコ,2183,PA花の慶次~蓮N-V,0283,1.8,-0.6,-0.7,6,0,0,1/31,1/58,1/83
2026-09-10,2026-09-10,9/10 11:01,パチンコ,2183,PA花の慶次~蓮N-V,0284,-0.3,-0.5,0.0,0,0,0,1/30,1/55,
2026-09-10,2026-09-10,9/10 11:01,パチンコ,3081,PA豊丸ととある企業の最新作2V1,0316,-0.6,-2.1,0.0,0,0,0,1/73,1/193,
2026-09-10,2026-09-10,9/10 11:01,パチンコ,3081,PA豊丸ととある企業の最新作2V1,0345,0.6,0.5,0.0,4,4,0,1/19,1/69,
2026-09-10,2026-09-10,9/10 11:01,パチンコ,2338,PA野生の王国5N-K,0324,0.9,-0.3,0.0,4,6,0,1/11,1/55,
2026-09-10,2026-09-10,9/10 11:01,パチンコ,3707,PA野生の王国6N2,0285,-0.3,-1.4,0.0,4,14,0,1/129,1/128,
2026-09-10,2026-09-10,9/10 11:01,パチンコ,2425,PA野生の王国どらむN-K1 YT299,0296,2.0,3.8,0.0,14,21,0,1/22,1/66,
2026-09-10,2026-09-10,9/10 11:01,パチンコ,3666,PAｱｽﾞｰﾙﾚｰﾝ~異次元ﾄﾘｶﾞｰ79Ver.~M2,0311,1.7,-1.8,0.4,14,0,5,1/59,1/184,1/88
2026-09-10,2026-09-10,9/10 11:01,パチンコ,2395,PAｷﾞﾝﾊﾟﾗ夢幻ｶｰﾆﾊﾞﾙHBA,0092,-1.9,0.1,0.0,6,15,0,1/221,1/56,
2026-09-10,2026-09-10,9/10 11:01,パチンコ,3372,PAｺﾏｺﾏ倶楽部with坂本冬美LOOP1,0291,-0.4,0.0,0.0,9,0,0,1/92,,
2026-09-10,2026-09-10,9/10 11:01,パチンコ,3668,PAｼﾝ･ｴｳﾞｧﾝｹﾞﾘｵﾝY,0318,0.7,-0.5,-0.2,8,0,0,1/67,1/47,1/21
2026-09-10,2026-09-10,9/10 11:01,パチンコ,3668,PAｼﾝ･ｴｳﾞｧﾝｹﾞﾘｵﾝY,0319,0.3,-0.2,0.0,3,1,0,1/56,1/35,1/1
2026-09-10,2026-09-10,9/10 11:01,パチンコ,3338,PAｽｰﾊﾟｰ海物語IN地中海2HLA,0213,-0.3,-0.2,0.0,4,0,0,1/34,1/21,
2026-09-10,2026-09-10,9/10 11:01,パチンコ,3338,PAｽｰﾊﾟｰ海物語IN地中海2HLA,0214,1.0,3.9,0.0,29,37,0,1/58,1/82,1/1
2026-09-10,2026-09-10,9/10 11:01,パチンコ,2716,PAｽｰﾊﾟｰ海物語IN沖縄5YBA,0197,-1.7,1.6,0.0,5,15,0,1/137,1/19,1/4
2026-09-10,2026-09-10,9/10 11:01,パチンコ,2716,PAｽｰﾊﾟｰ海物語IN沖縄5YBA,0198,-0.4,-1.0,-0.9,2,21,0,1/90,1/130,1/129
2026-09-10,2026-09-10,9/10 11:01,パチンコ,3783,PAｽｰﾊﾟｰ海物語IN沖縄6RBD,0220,-0.3,-2.8,0.0,0,2,0,1/31,1/192,
2026-09-10,2026-09-10,9/10 11:01,パチンコ,3783,PAｽｰﾊﾟｰ海物語IN沖縄6RBD,0221,-0.4,-1.8,-0.6,7,5,0,1/106,1/125,1/80
2026-09-10,2026-09-10,9/10 11:01,パチンコ,3723,PAﾌｨｰﾊﾞｰうたわれるものY,0288,4.8,-0.1,0.0,21,1,0,1/248,1/23,
2026-09-10,2026-09-10,9/10 11:01,パチンコ,3643,PAﾌｨｰﾊﾞｰ機動戦士ｶﾞﾝﾀﾞﾑﾕﾆｺｰﾝ2 AR,0329,0.0,2.7,0.0,0,9,0,,1/39,
2026-09-10,2026-09-10,9/10 11:01,パチンコ,2913,PAﾌｨｰﾊﾞｰ起動戦士ｶﾞﾝﾀﾞﾑﾕﾆｺｰﾝbY,0077,2.5,-0.3,0.0,18,0,0,1/13,1/23,
2026-09-10,2026-09-10,9/10 11:01,パチンコ,3776,PAﾌｨｰﾊﾞｰｸｨｰﾝⅡYS,0292,-0.7,2.5,0.0,0,66,0,1/70,1/54,
2026-09-10,2026-09-10,9/10 11:01,パチンコ,3202,PAﾌｨｰﾊﾞｰﾊﾟﾜﾌﾙR,0095,1.2,-1.1,-0.1,9,1,0,1/39,1/124,1/6
2026-09-10,2026-09-10,9/10 11:01,パチンコ,3202,PAﾌｨｰﾊﾞｰﾊﾟﾜﾌﾙR,0096,4.2,0.6,-0.2,23,6,0,1/48,1/113,1/22
2026-09-10,2026-09-10,9/10 11:01,パチンコ,3411,PCYBORG009VS3-K,0337,0.0,0.2,0.0,0,3,0,,1/62,
2026-09-10,2026-09-10,9/10 11:01,パチンコ,2976,PGO!GO!ﾏﾘﾝ3000HCD,0350,-0.1,0.0,0.0,0,0,0,1/8,,
2026-09-10,2026-09-10,9/10 11:01,パチンコ,3534,PLT OVERLORD魔導王光臨ARC,0343,-0.9,-1.3,0.0,2,1,0,1/64,1/191,
2026-09-10,2026-09-10,9/10 11:01,パチンコ,3599,PLT世界でいちばん強くなりたいMQ,0330,-0.2,-0.3,0.0,0,0,0,1/17,1/38,
2026-09-10,2026-09-10,9/10 11:01,パチンコ,3592,PToLOVEるﾀﾞｰｸﾈｽL0YU1,0255,0.0,-1.4,0.0,0,1,0,,1/160,
2026-09-10,2026-09-10,9/10 11:01,パチンコ,3457,PToLOVEるﾀﾞｰｸﾈｽL9YZ4,0151,-1.0,-0.4,0.0,1,1,0,1/109,1/54,
2026-09-10,2026-09-10,9/10 11:01,パチンコ,3546,Pうまい棒2おかわりちょちょちょ,0308,6.1,-2.9,0.0,10,0,0,1/9,1/21,
2026-09-10,2026-09-10,9/10 11:01,パチンコ,3546,Pうまい棒2おかわりちょちょちょ,0309,0.0,0.0,0.0,0,0,0,,,
2026-09-10,2026-09-10,9/10 11:01,パチンコ,3762,Pえとたま2SE,0320,-3.7,3.0,0.0,1,10,0,1/442,1/26,
2026-09-10,2026-09-10,9/10 11:01,パチンコ,2833,Pとある科学 最強御坂VerRXZ,0347,-0.5,0.1,-0.6,1,9,0,1/49,1/90,1/61
2026-09-10,2026-09-10,9/10 11:01,パチンコ,3374,Pとある科学の超電磁砲2JMB,0263,-1.3,-0.7,0.0,0,1,0,1/126,1/92,
2026-09-10,2026-09-10,9/10 11:01,パチンコ,3374,Pとある科学の超電磁砲2JMB,0264,-1.4,-1.1,0.0,0,0,0,1/166,1/143,
2026-09-10,2026-09-10,9/10 11:01,パチンコ,3150,Pとある魔術の禁書目録2JMZ,0304,0.0,-0.8,0.5,0,0,1,,1/64,1/26
2026-09-10,2026-09-10,9/10 11:01,パチンコ,3150,Pとある魔術の禁書目録2JMZ,0305,5.2,2.0,-0.2,7,7,0,1/24,1/352,1/13
2026-09-10,2026-09-10,9/10 11:01,パチンコ,3447,Pにゃんこ大戦争~多様性のﾈｺ~M4,0137,-0.3,-1.0,0.0,0,0,0,1/41,1/122,
2026-09-10,2026-09-10,9/10 11:01,パチンコ,3447,Pにゃんこ大戦争~多様性のﾈｺ~M4,0138,-1.1,-2.5,0.0,0,1,0,1/93,1/254,
2026-09-10,2026-09-10,9/10 11:01,パチンコ,3500,P世界最高の暗殺者JMB,0307,-0.3,-1.4,0.0,0,0,0,1/29,1/151,
2026-09-10,2026-09-10,9/10 11:01,パチンコ,3413,P中森明菜･歌姫伝説愛KD-NS,0079,-0.4,0.4,0.0,4,2,0,1/90,1/24,
2026-09-10,2026-09-10,9/10 11:01,パチンコ,3148,P中森明菜･歌姫伝説極KM-TF,0331,-0.1,1.4,0.0,0,6,0,1/8,1/131,
2026-09-10,2026-09-10,9/10 11:01,パチンコ,3539,P俺の妹がこんなに可愛いわけが,0333,-0.1,0.0,0.0,0,0,0,1/16,,
2026-09-10,2026-09-10,9/10 11:01,パチンコ,2443,P元祖ｷﾞﾝｷﾞﾗﾊﾟﾗﾀﾞｲｽHCB,0091,-0.3,-1.7,0.0,0,0,0,1/29,1/213,
2026-09-10,2026-09-10,9/10 11:01,パチンコ,2167,P冬のｿﾅﾀForeverM2,0141,-0.7,1.8,0.0,0,5,0,1/81,1/124,
2026-09-10,2026-09-10,9/10 11:01,パチンコ,3234,P化物語2GRPA,0300,-0.8,-2.0,-0.2,0,0,0,1/88,1/184,1/23
2026-09-10,2026-09-10,9/10 11:01,パチンコ,2408,P北斗の拳8究極乱世SSF,0293,0.0,1.7,0.0,1,23,0,1/20,1/37,
2026-09-10,2026-09-10,9/10 11:01,パチンコ,3200,P北斗の拳強敵SSPA,0128,-3.1,-1.0,0.0,2,5,0,1/161,1/61,
2026-09-10,2026-09-10,9/10 11:01,パチンコ,3200,P北斗の拳強敵SSPA,0129,-2.4,-1.6,0.0,8,0,0,1/57,1/155,
2026-09-10,2026-09-10,9/10 11:01,パチンコ,3200,P北斗の拳強敵SSPA,0130,-0.9,-1.2,0.0,0,0,0,1/105,1/129,
2026-09-10,2026-09-10,9/10 11:01,パチンコ,3200,P北斗の拳強敵SSPA,0131,-0.3,0.1,0.0,1,6,0,1/57,1/116,
2026-09-10,2026-09-10,9/10 11:01,パチンコ,2896,P北斗の拳暴凶星SFPA,0125,0.0,-2.1,0.0,0,11,0,,1/185,
2026-09-10,2026-09-10,9/10 11:01,パチンコ,2896,P北斗の拳暴凶星SFPA,0126,-1.2,2.1,0.0,0,3,0,1/119,1/28,
2026-09-10,2026-09-10,9/10 11:01,パチンコ,2896,P北斗の拳暴凶星SFPA,0127,-0.3,-1.0,0.0,0,0,0,1/32,1/105,
2026-09-10,2026-09-10,9/10 11:01,パチンコ,2803,P地獄少女覚醒3000Ver FHZ,0289,0.0,-0.2,0.0,0,0,0,,1/17,
2026-09-10,2026-09-10,9/10 11:01,パチンコ,3424,P大海物語5ｽﾍﾟｼｬﾙALTA,0203,-0.1,-0.7,0.0,0,3,0,1/8,1/167,
2026-09-10,2026-09-10,9/10 11:01,パチンコ,3424,P大海物語5ｽﾍﾟｼｬﾙALTA,0204,-3.0,-4.9,0.0,0,5,0,1/328,1/308,
2026-09-10,2026-09-10,9/10 11:01,パチンコ,3424,P大海物語5ｽﾍﾟｼｬﾙALTA,0205,1.4,-1.3,0.0,5,1,0,1/143,1/216,
2026-09-10,2026-09-10,9/10 11:01,パチンコ,3424,P大海物語5ｽﾍﾟｼｬﾙALTA,0206,4.7,-5.3,-0.5,16,5,4,1/274,1/546,1/383
2026-09-10,2026-09-10,9/10 11:01,パチンコ,2770,P天才ﾊﾞｶﾎﾞﾝ6FD-RS,0351,-4.4,-3.9,0.0,4,1,0,1/119,1/411,
2026-09-10,2026-09-10,9/10 11:01,パチンコ,3203,P天才ﾊﾞｶﾎﾞﾝ7~福神ｽﾍﾟｯｸ~LTH-JH,0302,-0.4,10.5,0.0,3,25,0,1/52,1/53,
2026-09-10,2026-09-10,9/10 11:01,パチンコ,2494,P宇宙戦艦ﾔﾏﾄ2022 ONLYONE R,0317,-2.7,0.6,0.0,2,21,0,1/152,1/187,
2026-09-10,2026-09-10,9/10 11:01,パチンコ,3410,P宇宙戦艦ﾔﾏﾄ2202-3G,0265,-2.6,-4.1,0.0,0,2,0,1/258,1/254,
2026-09-10,2026-09-10,9/10 11:01,パチンコ,3410,P宇宙戦艦ﾔﾏﾄ2202-3G,0266,-2.8,-0.8,0.0,0,0,0,1/261,1/66,
2026-09-10,2026-09-10,9/10 11:01,パチンコ,3591,P宇宙戦艦ﾔﾏﾄ2202-3MF,0140,-0.4,0.0,0.0,0,0,0,1/33,,
2026-09-10,2026-09-10,9/10 11:01,パチンコ,2266,P宇宙戦艦ﾔﾏﾄ2202bS,0299,-1.5,0.0,0.0,0,0,0,1/152,,
2026-09-10,2026-09-10,9/10 11:01,パチンコ,3161,P弾球黙示録ｶｲｼﾞ沼5V1U,0261,-1.7,-2.1,0.0,0,0,0,1/161,1/229,
2026-09-10,2026-09-10,9/10 11:01,パチンコ,3161,P弾球黙示録ｶｲｼﾞ沼5V1U,0262,0.0,0.0,0.0,0,0,0,,,
2026-09-10,2026-09-10,9/10 11:01,パチンコ,3669,P戦国乙女7H0YZ3,0252,-5.1,-0.3,0.0,3,0,0,1/362,1/65,
2026-09-10,2026-09-10,9/10 11:01,パチンコ,3748,P戦国乙女7L0YU1,0268,0.0,0.7,0.0,1,11,0,1/17,1/60,
2026-09-10,2026-09-10,9/10 11:01,パチンコ,3748,P戦国乙女7L0YU1,0269,-0.4,2.1,0.0,0,11,0,1/43,1/28,
2026-09-10,2026-09-10,9/10 11:01,パチンコ,3748,P戦国乙女7L0YU1,0270,-0.2,1.6,0.0,0,9,0,1/22,1/81,
2026-09-10,2026-09-10,9/10 11:01,パチンコ,2767,P戦国乙女ﾚｼﾞｪﾝﾄﾞﾊﾞﾄﾙ9YU1Y,0294,-0.2,-1.3,-3.4,2,11,3,1/56,1/111,1/127
2026-09-10,2026-09-10,9/10 11:01,パチンコ,3617,P戦国無双HM3,0278,-0.3,-1.0,0.0,0,1,0,1/85,1/233,
2026-09-10,2026-09-10,9/10 11:01,パチンコ,3617,P戦国無双HM3,0279,-0.2,-0.6,0.0,0,1,0,1/29,1/162,
2026-09-10,2026-09-10,9/10 11:01,パチンコ,2361,P新世紀ｴｳﾞｧﾝｹﾞﾘｵﾝ15 未来への咆哮,0169,4.6,5.1,0.0,15,10,0,1/198,1/245,
2026-09-10,2026-09-10,9/10 11:01,パチンコ,2361,P新世紀ｴｳﾞｧﾝｹﾞﾘｵﾝ15 未来への咆哮,0170,0.0,-6.3,0.0,0,1,0,,1/700,
2026-09-10,2026-09-10,9/10 11:01,パチンコ,2361,P新世紀ｴｳﾞｧﾝｹﾞﾘｵﾝ15 未来への咆哮,0171,-2.6,-3.1,0.0,2,0,0,1/154,1/327,
2026-09-10,2026-09-10,9/10 11:01,パチンコ,2361,P新世紀ｴｳﾞｧﾝｹﾞﾘｵﾝ15 未来への咆哮,0172,1.1,-3.5,0.0,14,0,0,1/1053,1/377,
2026-09-10,2026-09-10,9/10 11:01,パチンコ,2361,P新世紀ｴｳﾞｧﾝｹﾞﾘｵﾝ15 未来への咆哮,0173,-0.7,0.4,0.0,0,4,0,1/70,1/211,
2026-09-10,2026-09-10,9/10 11:01,パチンコ,2361,P新世紀ｴｳﾞｧﾝｹﾞﾘｵﾝ15 未来への咆哮,0174,-0.6,-1.9,0.0,0,6,0,1/58,1/148,
2026-09-10,2026-09-10,9/10 11:01,パチンコ,2361,P新世紀ｴｳﾞｧﾝｹﾞﾘｵﾝ15 未来への咆哮,0175,-0.1,-0.7,0.0,7,0,0,1/255,1/65,
2026-09-10,2026-09-10,9/10 11:01,パチンコ,2361,P新世紀ｴｳﾞｧﾝｹﾞﾘｵﾝ15 未来への咆哮,0176,6.7,2.8,0.0,11,9,0,1/120,1/164,
2026-09-10,2026-09-10,9/10 11:01,パチンコ,3022,P新世紀ｴｳﾞｧﾝｹﾞﾘｵﾝ15未来への咆哮F,0257,-2.5,0.2,-0.1,2,7,0,1/344,1/84,1/4
2026-09-10,2026-09-10,9/10 11:01,パチンコ,3181,P新世紀ｴｳﾞｧﾝｹﾞﾘｵﾝ15未来への咆哮Y,0123,-3.4,5.5,-0.8,4,25,1,1/215,1/71,1/108
2026-09-10,2026-09-10,9/10 11:01,パチンコ,3181,P新世紀ｴｳﾞｧﾝｹﾞﾘｵﾝ15未来への咆哮Y,0124,-2.9,-3.4,-1.2,14,3,2,1/113,1/195,1/196
2026-09-10,2026-09-10,9/10 11:01,パチンコ,3420,P江頭2:50 inﾅﾅｼｰV3,0303,-1.1,-0.2,0.0,0,2,0,1/128,1/185,
2026-09-10,2026-09-10,9/10 11:01,パチンコ,3714,P沖ﾄﾞｷ!LG,0286,-0.3,0.0,-0.2,0,0,0,1/1,,1/3
2026-09-10,2026-09-10,9/10 11:01,パチンコ,2157,P海物語E,0089,-0.5,-0.3,0.0,0,0,0,1/65,1/43,
2026-09-10,2026-09-10,9/10 11:01,パチンコ,2157,P海物語E,0090,-0.9,0.0,0.0,0,0,0,1/113,1/1,
2026-09-10,2026-09-10,9/10 11:01,パチンコ,2157,P海物語E,0146,-0.1,0.0,0.0,0,0,0,1/9,,
2026-09-10,2026-09-10,9/10 11:01,パチンコ,2157,P海物語E,0211,-0.3,-0.1,0.0,0,0,0,1/22,1/13,
2026-09-10,2026-09-10,9/10 11:01,パチンコ,2157,P海物語E,0212,-0.3,-0.3,0.0,0,0,0,1/42,1/47,
2026-09-10,2026-09-10,9/10 11:01,パチンコ,3024,P消されたﾙﾊﾟﾝ9YU1Y,0287,0.0,-2.0,0.0,3,2,0,1/38,1/113,
2026-09-10,2026-09-10,9/10 11:01,パチンコ,3252,P牙狼11~冴島大河~XX-MU,0159,-1.4,0.0,0.0,0,0,0,1/154,,
2026-09-10,2026-09-10,9/10 11:01,パチンコ,3252,P牙狼11~冴島大河~XX-MU,0160,-1.3,0.0,0.0,0,0,0,1/141,,
2026-09-10,2026-09-10,9/10 11:01,パチンコ,3252,P牙狼11~冴島大河~XX-MU,0161,-1.0,3.1,0.0,1,6,0,1/112,1/101,
2026-09-10,2026-09-10,9/10 11:01,パチンコ,2412,P真北斗無双3ｼﾞｬｷﾞの逆襲GEE,0325,-0.3,0.0,0.0,0,0,0,1/39,,
2026-09-10,2026-09-10,9/10 11:01,パチンコ,2391,P真北斗無双FWQG,0162,-0.1,8.1,0.0,0,15,0,1/12,1/39,
2026-09-10,2026-09-10,9/10 11:01,パチンコ,2391,P真北斗無双FWQG,0163,-0.4,0.0,0.0,0,0,0,1/51,,
2026-09-10,2026-09-10,9/10 11:01,パチンコ,2391,P真北斗無双FWQG,0164,3.6,0.0,0.0,13,0,0,1/323,,
2026-09-10,2026-09-10,9/10 11:01,パチンコ,2391,P真北斗無双FWQG,0165,3.9,0.0,0.0,12,0,0,1/108,,
2026-09-10,2026-09-10,9/10 11:01,パチンコ,2391,P真北斗無双FWQG,0166,0.0,0.0,0.0,0,0,0,,,
2026-09-10,2026-09-10,9/10 11:01,パチンコ,2391,P真北斗無双FWQG,0167,0.0,-0.1,0.0,0,0,0,,1/21,
2026-09-10,2026-09-10,9/10 11:01,パチンコ,2391,P真北斗無双FWQG,0168,0.0,-2.0,0.0,0,1,0,,1/256,
2026-09-10,2026-09-10,9/10 11:01,パチンコ,2978,P真･一騎当千~桃園の誓い~FM-JT,0139,0.0,0.0,0.0,0,0,0,,,
2026-09-10,2026-09-10,9/10 11:01,パチンコ,2978,P真･一騎当千~桃園の誓い~FM-JT,0154,0.0,-0.6,0.0,0,0,0,,1/61,
2026-09-10,2026-09-10,9/10 11:01,パチンコ,3453,P真･一騎当千~桃園の誓い~LTH-FH,0332,-0.3,2.9,0.0,3,6,0,1/226,1/57,
2026-09-10,2026-09-10,9/10 11:01,パチンコ,3162,P真･花の慶次3N-K,0097,-2.6,-0.8,0.0,8,5,0,1/94,1/82,
2026-09-10,2026-09-10,9/10 11:01,パチンコ,3162,P真･花の慶次3N-K,0098,-0.9,0.0,0.0,1,0,0,1/111,,
2026-09-10,2026-09-10,9/10 11:01,パチンコ,3162,P真･花の慶次3N-K,0099,-2.2,0.0,0.0,0,11,0,1/224,1/48,
2026-09-10,2026-09-10,9/10 11:01,パチンコ,3205,P緋弾のｱﾘｱ ~緋緋神降臨~LT搭載FSZ,0088,0.0,0.0,0.0,0,0,0,,,
2026-09-10,2026-09-10,9/10 11:01,パチンコ,3535,P緋弾のｱﾘｱ~緋緋神降臨~199Ver.FQU,0328,-0.1,0.0,0.0,0,0,0,1/13,,
2026-09-10,2026-09-10,9/10 11:01,パチンコ,3596,P織田信奈の野望全国版V1D,0271,0.0,0.0,0.0,0,0,0,,,
2026-09-10,2026-09-10,9/10 11:01,パチンコ,3596,P織田信奈の野望全国版V1D,0348,-0.1,0.0,-0.3,0,0,0,1/15,,1/31
2026-09-10,2026-09-10,9/10 11:01,パチンコ,3790,P織田信奈の野望全国版V4A,0297,7.4,-1.4,0.0,11,0,0,1/48,1/273,
2026-09-10,2026-09-10,9/10 11:01,パチンコ,3513,P花の慶次~裂N2-VC,0259,-2.2,-0.6,0.0,1,0,0,1/230,1/62,
2026-09-10,2026-09-10,9/10 11:01,パチンコ,3513,P花の慶次~裂N2-VC,0260,-0.1,0.0,0.0,0,0,0,1/17,,
2026-09-10,2026-09-10,9/10 11:01,パチンコ,3314,P貞子FMD,0253,-0.9,-2.1,0.0,2,5,0,1/112,1/106,
2026-09-10,2026-09-10,9/10 11:01,パチンコ,3667,P頭文字D2GCPC,0313,0.0,0.0,0.0,0,0,0,,,
2026-09-10,2026-09-10,9/10 11:01,パチンコ,3278,P魔法少女まどか☆ﾏｷﾞｶ3LM3,0155,0.0,0.0,0.0,0,0,0,,,
2026-09-10,2026-09-10,9/10 11:01,パチンコ,3278,P魔法少女まどか☆ﾏｷﾞｶ3LM3,0156,-0.3,-0.6,0.0,0,0,0,1/35,1/63,
2026-09-10,2026-09-10,9/10 11:01,パチンコ,3278,P魔法少女まどか☆ﾏｷﾞｶ3LM3,0157,0.0,-0.1,0.0,0,0,0,,1/5,
2026-09-10,2026-09-10,9/10 11:01,パチンコ,3278,P魔法少女まどか☆ﾏｷﾞｶ3LM3,0158,0.0,-1.4,-0.4,0,0,0,,1/125,1/34
2026-09-10,2026-09-10,9/10 11:01,パチンコ,3732,P黄門ちゃま9AD2,0267,-0.2,-0.9,0.0,1,1,0,1/48,1/134,
2026-09-10,2026-09-10,9/10 11:01,パチンコ,3316,PｱｽﾞｰﾙﾚｰﾝTHE ANIMATION~ﾄﾘｶﾞｰ199~,0149,-0.8,8.8,0.0,0,11,0,1/91,1/44,
2026-09-10,2026-09-10,9/10 11:01,パチンコ,3316,PｱｽﾞｰﾙﾚｰﾝTHE ANIMATION~ﾄﾘｶﾞｰ199~,0150,-1.0,-1.5,0.0,0,1,0,1/101,1/154,
2026-09-10,2026-09-10,9/10 11:01,パチンコ,3552,Pｱﾅｻﾞｰｺﾞｯﾄﾞﾊｰﾃﾞｽ3SB,0342,-0.8,-0.4,0.0,0,0,1,1/102,1/37,1/53
2026-09-10,2026-09-10,9/10 11:01,パチンコ,3276,Pｸｲｰﾝｽﾞﾌﾞﾚｲﾄﾞ4V1D,0145,-0.3,0.0,0.0,0,0,0,1/33,,
2026-09-10,2026-09-10,9/10 11:01,パチンコ,3655,Pｸｲｰﾝｽﾞﾌﾞﾚｲﾄﾞ奈落V1C,0326,-0.1,0.0,0.0,0,0,0,1/12,,
2026-09-10,2026-09-10,9/10 11:01,パチンコ,3201,Pｺｰﾄﾞｷﾞｱｽ 反逆のﾙﾙｰｼｭ3Y,0086,-1.7,0.7,0.0,0,14,0,1/190,1/196,
2026-09-10,2026-09-10,9/10 11:01,パチンコ,2695,Pｺﾞｼﾞﾗ対ｴｳﾞｧﾝｹﾞﾘｵﾝ G細胞覚醒L,0298,-0.1,-1.7,0.0,2,0,0,1/185,1/180,
2026-09-10,2026-09-10,9/10 11:01,パチンコ,3721,Pｺﾞｼﾞﾗ対ｴｳﾞｧﾝｹﾞﾘｵﾝ2LV,0280,-2.7,-0.2,0.0,3,3,0,1/227,1/134,
2026-09-10,2026-09-10,9/10 11:01,パチンコ,3259,Pｺﾞﾌﾞﾘﾝｽﾚｲﾔｰ ﾗｯｷｰﾄﾘｶﾞｰVerJVR,0256,3.4,0.0,0.0,10,0,0,1/119,,
2026-09-10,2026-09-10,9/10 11:01,パチンコ,3141,Pｼﾝ･ｴｳﾞｧﾝｹﾞﾘｵﾝX,0117,-0.5,0.0,0.0,1,0,0,1/76,,
2026-09-10,2026-09-10,9/10 11:01,パチンコ,3141,Pｼﾝ･ｴｳﾞｧﾝｹﾞﾘｵﾝX,0118,-3.9,6.3,0.0,0,20,0,1/438,1/194,
2026-09-10,2026-09-10,9/10 11:01,パチンコ,3141,Pｼﾝ･ｴｳﾞｧﾝｹﾞﾘｵﾝX,0119,-0.5,-1.0,-0.1,0,0,0,1/41,1/106,1/11
2026-09-10,2026-09-10,9/10 11:01,パチンコ,3141,Pｼﾝ･ｴｳﾞｧﾝｹﾞﾘｵﾝX,0120,-0.3,0.0,0.0,0,0,0,1/21,,
2026-09-10,2026-09-10,9/10 11:01,パチンコ,3141,Pｼﾝ･ｴｳﾞｧﾝｹﾞﾘｵﾝX,0121,-0.4,0.0,0.0,0,0,0,1/41,,
2026-09-10,2026-09-10,9/10 11:01,パチンコ,3141,Pｼﾝ･ｴｳﾞｧﾝｹﾞﾘｵﾝX,0122,-1.4,-0.3,0.0,7,0,0,1/164,1/32,
2026-09-10,2026-09-10,9/10 11:01,パチンコ,3603,Pｼﾞｭｰｼｰﾊﾆｰ極嬢77LT-ARB,0078,3.0,-0.7,0.0,12,0,0,1/37,1/78,
2026-09-10,2026-09-10,9/10 11:01,パチンコ,3501,Pｼﾞｭｰｼｰﾊﾆｰ極嬢MA,0344,-0.1,-1.1,-0.7,0,2,0,1/9,1/94,1/58
2026-09-10,2026-09-10,9/10 11:01,パチンコ,3681,Pｽｰﾊﾟｰ海物語IN沖縄6LTP,0199,0.0,-3.6,0.0,0,0,0,,1/444,
2026-09-10,2026-09-10,9/10 11:01,パチンコ,3681,Pｽｰﾊﾟｰ海物語IN沖縄6LTP,0200,-0.3,-1.1,0.0,0,0,0,1/28,1/128,
2026-09-10,2026-09-10,9/10 11:01,パチンコ,3681,Pｽｰﾊﾟｰ海物語IN沖縄6LTP,0201,1.0,-0.9,0.0,2,0,0,1/82,1/112,
2026-09-10,2026-09-10,9/10 11:01,パチンコ,3681,Pｽｰﾊﾟｰ海物語IN沖縄6LTP,0202,4.7,0.4,0.0,16,19,0,1/270,1/410,
2026-09-10,2026-09-10,9/10 11:01,パチンコ,3564,PｿﾞﾝﾋﾞﾗﾝﾄﾞｻｶﾞSCPC,0093,0.0,-0.1,0.0,0,0,0,,1/8,
2026-09-10,2026-09-10,9/10 11:01,パチンコ,3564,PｿﾞﾝﾋﾞﾗﾝﾄﾞｻｶﾞSCPC,0094,0.0,0.0,0.0,0,0,0,,,
2026-09-10,2026-09-10,9/10 11:01,パチンコ,3593,Pﾃﾞｼﾞﾊﾈ北斗の拳慈母SSPC,0100,0.0,0.0,0.0,0,0,0,,,
2026-09-10,2026-09-10,9/10 11:01,パチンコ,3593,Pﾃﾞｼﾞﾊﾈ北斗の拳慈母SSPC,0101,-0.7,0.7,0.0,0,5,0,1/86,1/28,
2026-09-10,2026-09-10,9/10 11:01,パチンコ,3593,Pﾃﾞｼﾞﾊﾈ北斗の拳慈母SSPC,0102,-0.8,-1.3,0.0,0,1,0,1/103,1/195,
2026-09-10,2026-09-10,9/10 11:01,パチンコ,3593,Pﾃﾞｼﾞﾊﾈ北斗の拳慈母SSPC,0103,2.7,-0.4,0.0,14,0,0,1/44,1/31,
2026-09-10,2026-09-10,9/10 11:01,パチンコ,3176,Pﾃﾞｼﾞﾊﾈ聖戦士ﾀﾞﾝﾊﾞｲﾝ2SSPB,0321,-0.7,-0.3,0.0,11,1,0,1/91,1/38,
2026-09-10,2026-09-10,9/10 11:01,パチンコ,3176,Pﾃﾞｼﾞﾊﾈ聖戦士ﾀﾞﾝﾊﾞｲﾝ2SSPB,0322,-0.6,-0.9,0.0,0,3,0,1/62,1/122,
2026-09-10,2026-09-10,9/10 11:01,パチンコ,3602,PﾃﾞｼﾞﾊﾈﾓﾝｽﾀｰﾊﾝﾀｰﾗｲｽﾞGSPB,0152,-2.7,0.7,0.0,2,9,0,1/161,1/61,
2026-09-10,2026-09-10,9/10 11:01,パチンコ,3602,PﾃﾞｼﾞﾊﾈﾓﾝｽﾀｰﾊﾝﾀｰﾗｲｽﾞGSPB,0153,0.0,0.0,0.0,0,0,0,,,
2026-09-10,2026-09-10,9/10 11:01,パチンコ,2996,Pﾃﾞﾋﾞﾙﾏﾝ黄金黙示録N-K1 YT250,0312,-1.8,-0.3,-0.2,4,11,0,1/122,1/53,1/22
2026-09-10,2026-09-10,9/10 11:01,パチンコ,3642,Pﾄﾞﾗﾑだ!金ﾄﾞﾝSB,0301,-0.3,0.0,0.0,0,0,0,1/30,,
2026-09-10,2026-09-10,9/10 11:01,パチンコ,3179,PﾆｭｰﾄｷｵGREENV1,0341,-0.4,-0.8,0.0,20,1,0,1/24,1/70,
2026-09-10,2026-09-10,9/10 11:01,パチンコ,3515,PﾊﾈﾓﾉﾌｧﾐﾘｰｽﾀｼﾞｱﾑMD,0338,-1.3,0.3,-0.1,2,1,0,1/70,1/19,1/7
2026-09-10,2026-09-10,9/10 11:01,パチンコ,3515,PﾊﾈﾓﾉﾌｧﾐﾘｰｽﾀｼﾞｱﾑMD,0339,-0.5,-0.3,-0.5,0,0,2,1/47,1/20,1/38
2026-09-10,2026-09-10,9/10 11:01,パチンコ,3235,PﾊﾞｲｵﾊｻﾞｰﾄﾞRE2L9YZ4,0346,4.5,13.1,0.0,10,19,0,1/46,1/101,
2026-09-10,2026-09-10,9/10 11:01,パチンコ,3361,PﾊﾞﾝﾄﾞﾘH1YZ4,0327,-6.7,-0.6,0.0,0,0,0,1/703,1/60,
2026-09-10,2026-09-10,9/10 11:01,パチンコ,3537,PﾊﾞﾝﾄﾞﾘL1AU1,0306,-1.4,-0.1,0.0,1,0,0,1/181,1/5,
2026-09-10,2026-09-10,9/10 11:01,パチンコ,3090,PﾌｨｰﾊﾞｰからくりｻｰｶｽY,0323,-0.6,0.1,0.0,0,3,0,1/57,1/37,
2026-09-10,2026-09-10,9/10 11:01,パチンコ,3722,Pﾌｨｰﾊﾞｰ彼女、お借りしますLR,0281,0.0,-0.2,0.0,1,0,0,1/32,1/43,
2026-09-10,2026-09-10,9/10 11:01,パチンコ,3526,Pﾌｨｰﾊﾞｰ戦姫絶唱ｼﾝﾌｫｷﾞｱ4Z,0133,0.4,0.0,0.0,1,0,0,1/3,,
2026-09-10,2026-09-10,9/10 11:01,パチンコ,3526,Pﾌｨｰﾊﾞｰ戦姫絶唱ｼﾝﾌｫｷﾞｱ4Z,0134,0.0,-0.3,0.0,0,0,0,,1/25,
2026-09-10,2026-09-10,9/10 11:01,パチンコ,3526,Pﾌｨｰﾊﾞｰ戦姫絶唱ｼﾝﾌｫｷﾞｱ4Z,0135,-2.8,-0.2,-0.1,2,0,0,1/195,1/17,1/15
2026-09-10,2026-09-10,9/10 11:01,パチンコ,3526,Pﾌｨｰﾊﾞｰ戦姫絶唱ｼﾝﾌｫｷﾞｱ4Z,0136,1.5,0.0,0.0,11,0,0,1/70,,
2026-09-10,2026-09-10,9/10 11:01,パチンコ,3597,Pﾌｨｰﾊﾞｰ機動戦士ｶﾞﾝﾀﾞﾑﾕﾆｺｰﾝ2 Y,0254,0.0,-0.5,0.0,0,1,0,,1/67,
2026-09-10,2026-09-10,9/10 11:01,パチンコ,2872,Pﾌｨｰﾊﾞｰ炎炎ﾉ消防隊G,0275,-0.9,-1.4,0.0,3,2,0,1/367,1/283,
2026-09-10,2026-09-10,9/10 11:01,パチンコ,2872,Pﾌｨｰﾊﾞｰ炎炎ﾉ消防隊G,0276,0.0,-3.2,-2.5,0,0,0,,1/289,1/244
2026-09-10,2026-09-10,9/10 11:01,パチンコ,2872,Pﾌｨｰﾊﾞｰ炎炎ﾉ消防隊G,0277,-0.7,-0.8,0.0,0,0,0,1/76,1/63,
2026-09-10,2026-09-10,9/10 11:01,パチンコ,3261,Pﾌｨｰﾊﾞｰ炎炎ﾉ消防隊YR,0076,-0.1,0.2,0.0,0,4,0,1/9,1/39,
2026-09-10,2026-09-10,9/10 11:01,パチンコ,2967,PﾌｨｰﾊﾞｰｸｨｰﾝⅡV,0295,-1.4,0.0,0.0,1,0,0,1/184,,
2026-09-10,2026-09-10,9/10 11:01,パチンコ,3514,Pﾌﾞﾗｯｸﾗｸﾞｰﾝ4GCPA,0334,-0.2,0.0,0.0,1,0,0,1/27,,
2026-09-10,2026-09-10,9/10 11:01,パチンコ,2949,Pﾌﾞﾗｯｸﾗｸﾞｰﾝ4GFPJ,0349,-1.5,-0.5,0.0,0,1,0,1/134,1/80,
2026-09-10,2026-09-10,9/10 11:01,パチンコ,3152,Pﾎﾟﾁｯと一発おだてﾌﾞﾀ2V1,0340,-2.7,-1.3,-0.1,44,3,3,1/26,1/47,1/22
2026-09-10,2026-09-10,9/10 11:01,パチンコ,3703,PﾒｲﾄﾞｲﾝｱﾋﾞｽSL,0335,-0.3,1.2,0.0,0,8,0,1/31,1/50,
2026-09-10,2026-09-10,9/10 11:01,パチンコ,3427,Pﾘﾝｸﾞ 呪いの7日間3 Light JVZ,0085,-2.0,-0.7,0.0,1,0,0,1/219,1/64,
2026-09-10,2026-09-10,9/10 11:01,パチンコ,3360,Pﾘﾝｸﾞ 呪いの7日間3 LT搭載 JSG,0142,1.7,0.0,0.0,7,0,0,1/155,,
2026-09-10,2026-09-10,9/10 11:01,パチンコ,3360,Pﾘﾝｸﾞ 呪いの7日間3 LT搭載 JSG,0143,-0.4,0.0,0.0,0,0,0,1/45,,
2026-09-10,2026-09-10,9/10 11:01,パチンコ,3360,Pﾘﾝｸﾞ 呪いの7日間3 LT搭載 JSG,0144,0.7,-0.6,0.0,2,3,0,1/5,1/224,
2026-09-10,2026-09-10,9/10 11:01,パチンコ,3375,Pﾙﾊﾟﾝ三世137YR2,0080,0.0,0.0,0.0,0,0,0,,,
2026-09-10,2026-09-10,9/10 11:01,パチンコ,3679,Pﾙﾊﾟﾝ三世14L0YU1,0314,-0.4,0.0,-0.2,0,0,0,1/45,,1/16
2026-09-10,2026-09-10,9/10 11:01,パチンコ,3816,①e/吉宗極乗3000ver/L06,0055,-5.8,-4.4,0.0,9,4,0,1/150,1/145,
2026-09-10,2026-09-10,9/10 11:01,パチンコ,3816,①e/吉宗極乗3000ver/L06,0056,-0.6,-10.9,0.0,1,3,0,1/94,1/418,
2026-09-10,2026-09-10,9/10 11:01,パチンコ,3800,①e/押忍番長漢の頂/L09,0054,3.3,19.7,-0.7,17,44,0,1/61,1/172,1/57
2026-09-10,2026-09-10,9/10 11:01,パチンコ,3739,①e牙狼神速神撃3000LT-RB,0059,-0.6,-9.8,-0.1,1,3,1,1/84,1/337,1/39
2026-09-10,2026-09-10,9/10 11:01,パチンコ,3739,①e牙狼神速神撃3000LT-RB,0060,3.2,10.2,0.0,11,11,0,1/144,1/35,
2026-09-10,2026-09-10,9/10 11:01,パチンコ,3818,①e甲鉄城のｶﾊﾞﾈﾘ2GFEA,0058,-0.8,-2.9,-0.7,5,3,0,1/131,1/614,1/74
2026-09-10,2026-09-10,9/10 11:01,パチンコ,3817,①e花の慶次~黄金の一撃H4,0053,-3.3,4.5,-0.1,1,14,0,1/333,1/384,1/7
2026-09-10,2026-09-10,9/10 11:01,パチンコ,3754,①eｺﾞｼﾞﾗ対ｴｳﾞｧﾝｹﾞﾘｵﾝ2bA,0057,0.1,-0.6,0.0,16,0,0,1/63,1/60,
2026-09-10,2026-09-10,9/10 11:01,パチンコ,2641,①PAぱちんこ仮面ﾗｲﾀﾞｰ轟音MA1,0001,-0.7,0.4,-1.8,27,22,0,1/118,1/47,1/547
2026-09-10,2026-09-10,9/10 11:01,パチンコ,3139,①PAぱちんこ冬のｿﾅﾀForeverMA1,0034,-3.6,2.8,-0.1,25,31,0,1/101,1/84,1/17
2026-09-10,2026-09-10,9/10 11:01,パチンコ,2554,①PA大海物語4ｽﾍﾟｼｬﾙRBA,0009,-2.8,-0.5,0.0,17,13,0,1/212,1/63,
2026-09-10,2026-09-10,9/10 11:01,パチンコ,3137,①PA大海物語4ｽﾍﾟｼｬﾙRBA,0023,-0.3,1.1,-0.2,24,37,4,1/90,1/85,1/73
2026-09-10,2026-09-10,9/10 11:01,パチンコ,3137,①PA大海物語4ｽﾍﾟｼｬﾙRBA,0027,0.8,-2.1,0.0,11,7,0,1/60,1/166,
2026-09-10,2026-09-10,9/10 11:01,パチンコ,3614,①PA大海物語5ARBC,0026,1.0,1.9,0.1,26,33,1,1/92,1/143,1/15
2026-09-10,2026-09-10,9/10 11:01,パチンコ,3614,①PA大海物語5ARBC,0049,-1.5,1.5,0.0,4,21,0,1/72,1/41,
2026-09-10,2026-09-10,9/10 11:01,パチンコ,3652,①PA海物語3R2ｽﾍﾟｼｬﾙMBA,0010,0.3,-2.2,0.0,54,5,0,1/86,1/312,
2026-09-10,2026-09-10,9/10 11:01,パチンコ,3652,①PA海物語3R2ｽﾍﾟｼｬﾙMBA,0024,-2.2,1.2,-0.4,7,15,1,1/193,1/101,1/66
2026-09-10,2026-09-10,9/10 11:01,パチンコ,3549,①PA激ﾃﾞｼﾞ牙狼月虹ﾉ旅人-RL,0042,-2.4,-3.9,-0.6,4,8,0,1/169,1/100,1/53
2026-09-10,2026-09-10,9/10 11:01,パチンコ,3347,①PA真･暴れん坊将軍99Ver.FWZ,0033,-4.2,-1.8,0.0,8,2,0,1/135,1/145,
2026-09-10,2026-09-10,9/10 11:01,パチンコ,3431,①PA真･花の慶次2N2-X1,0006,0.8,2.0,0.0,26,21,0,1/122,1/71,
2026-09-10,2026-09-10,9/10 11:01,パチンコ,3431,①PA真･花の慶次2N2-X1,0008,-2.9,0.6,-0.1,33,9,1,1/87,1/115,1/36
2026-09-10,2026-09-10,9/10 11:01,パチンコ,3226,①PAｽｰﾊﾟｰ海物語INｼﾞｬﾊﾟﾝ2RA,0021,1.7,0.0,0.0,9,0,0,1/31,,
2026-09-10,2026-09-10,9/10 11:01,パチンコ,3756,①PAﾌｨｰﾊﾞｰﾀﾞﾝﾍﾞﾙ何ｷﾛ持てる?Y,0018,-2.7,-0.9,-0.8,30,27,1,1/105,1/75,1/100
2026-09-10,2026-09-10,9/10 11:01,パチンコ,3662,①PGO!GO!ﾏﾘﾝ3000HCD,0048,13.5,-2.1,0.0,24,6,0,1/107,1/161,
2026-09-10,2026-09-10,9/10 11:01,パチンコ,3628,①Pうまい棒4500から10500V1,0046,-0.2,-2.1,0.0,0,0,0,1/1,1/16,
2026-09-10,2026-09-10,9/10 11:01,パチンコ,3449,①Pぱちんこ水戸黄門4KC1,0044,-1.7,-0.4,0.0,0,0,0,1/200,1/36,
2026-09-10,2026-09-10,9/10 11:01,パチンコ,3758,①PわんﾆｬﾝｱﾄﾞﾍﾞﾝﾁｬｰHCB,0043,-5.7,2.9,-0.2,2,22,0,1/344,1/189,1/27
2026-09-10,2026-09-10,9/10 11:01,パチンコ,3544,①P元祖ｷﾞﾝｷﾞﾗﾊﾟﾗﾀﾞｲｽHCB,0013,4.1,-2.3,0.0,17,0,0,1/126,1/256,
2026-09-10,2026-09-10,9/10 11:01,パチンコ,3620,①P天才ﾊﾞｶﾎﾞﾝ7~福神ｽﾍﾟｯｸ~LTH-JH,0047,5.5,-2.0,0.7,31,12,4,1/84,1/107,1/90
2026-09-10,2026-09-10,9/10 11:01,パチンコ,3678,①P宇宙戦艦ﾔﾏﾄ2202-3MF,0041,-2.8,0.5,-0.2,0,18,0,1/301,1/124,1/26
2026-09-10,2026-09-10,9/10 11:01,パチンコ,3406,①P宇宙戦艦ﾔﾏﾄ2202bH,0037,-2.9,-4.5,-2.7,30,24,1,1/95,1/113,1/324
2026-09-10,2026-09-10,9/10 11:01,パチンコ,3574,①P新･遠山の金さん 77Ver.JWZ,0020,-0.2,0.0,-0.5,25,24,2,1/70,1/63,1/38
2026-09-10,2026-09-10,9/10 11:01,パチンコ,2988,①P海物語E,0014,5.5,-1.0,0.0,9,0,0,1/58,1/126,
2026-09-10,2026-09-10,9/10 11:01,パチンコ,2988,①P海物語E,0015,-0.7,0.0,0.0,0,3,0,1/80,1/205,
2026-09-10,2026-09-10,9/10 11:01,パチンコ,2988,①P海物語E,0030,-0.7,4.5,-0.1,2,9,0,1/259,1/159,1/25
2026-09-10,2026-09-10,9/10 11:01,パチンコ,3136,①P海物語E,0028,-1.1,-0.5,0.0,1,0,0,1/272,1/55,
2026-09-10,2026-09-10,9/10 11:01,パチンコ,3136,①P海物語E,0029,-1.2,-0.1,0.0,2,0,0,1/345,1/2,
2026-09-10,2026-09-10,9/10 11:01,パチンコ,3627,①P清流物語4HLC,0025,9.5,6.3,-1.1,9,14,0,1/69,1/110,1/127
2026-09-10,2026-09-10,9/10 11:01,パチンコ,3129,①P激ﾃﾞｼﾞ真･牙狼RBY4,0039,-1.2,3.8,0.0,17,37,0,1/68,1/58,
2026-09-10,2026-09-10,9/10 11:01,パチンコ,3429,①P百花繚乱FM-JF,0017,-1.9,-2.2,-0.4,0,2,0,1/189,1/289,1/43
2026-09-10,2026-09-10,9/10 11:01,パチンコ,3633,①P盾の勇者の成り上がりGFPC,0052,-3.8,-4.7,-0.2,1,0,0,1/517,1/490,1/25
2026-09-10,2026-09-10,9/10 11:01,パチンコ,2734,①P真･花の慶次2M3-VC,0038,-4.8,-1.9,0.0,3,0,0,1/120,1/176,
2026-09-10,2026-09-10,9/10 11:01,パチンコ,2730,①P真･花の慶次3L12-K,0012,12.1,-6.7,-0.2,24,3,0,1/78,1/264,1/25
2026-09-10,2026-09-10,9/10 11:01,パチンコ,3433,①P銀河鉄道99929YU1Y,0002,-0.6,-1.3,-0.3,1,16,0,1/97,1/122,1/21
2026-09-10,2026-09-10,9/10 11:01,パチンコ,3466,①P魔王学院の不適合者FMY,0035,0.3,-0.2,0.0,2,0,0,1/62,1/15,
2026-09-10,2026-09-10,9/10 11:01,パチンコ,2591,①Pｶﾞｰﾙｽﾞ&ﾊﾟﾝﾂｧｰ28YQ1Y,0050,-1.7,5.5,0.0,27,27,0,1/68,1/58,
2026-09-10,2026-09-10,9/10 11:01,パチンコ,3404,①Pｺﾞｼﾞﾗ対ｴｳﾞｧﾝｹﾞﾘｵﾝ G細胞覚醒YR,0022,-5.0,-6.2,0.0,20,37,0,1/108,1/111,
2026-09-10,2026-09-10,9/10 11:01,パチンコ,3624,①Pｽｰﾊﾟｰ海物語IN沖縄5YTC,0004,5.2,-0.1,-0.3,32,8,0,1/65,1/189,1/43
2026-09-10,2026-09-10,9/10 11:01,パチンコ,3624,①Pｽｰﾊﾟｰ海物語IN沖縄5YTC,0036,-0.9,-1.9,0.0,0,0,0,1/103,1/212,
2026-09-10,2026-09-10,9/10 11:01,パチンコ,3676,①Pﾃﾞｼﾞﾊﾈｴｳﾚｶｾﾌﾞﾝﾊｲｴﾎﾞ2SSPB,0031,-1.3,0.7,0.0,14,24,0,1/160,1/64,
2026-09-10,2026-09-10,9/10 11:01,パチンコ,3700,①Pﾊﾞｷ319H1YZ2,0016,-2.4,-1.0,0.0,2,0,0,1/152,1/111,
2026-09-10,2026-09-10,9/10 11:01,パチンコ,2790,①PﾌｨｰﾊﾞｰからくりｻｰｶｽV,0005,-4.4,-4.2,0.0,0,1,0,1/460,1/543,
2026-09-10,2026-09-10,9/10 11:01,パチンコ,3403,①Pﾌﾞﾗｯｸﾗｸﾞｰﾝ4GFPJ,0019,2.9,-0.3,-0.1,9,0,0,1/121,1/22,1/7
2026-09-10,2026-09-10,9/10 11:01,パチンコ,3130,①PﾓﾓｷｭﾝｿｰﾄﾞGC250A,0040,-2.6,-0.6,-1.1,20,21,0,1/116,1/76,1/107
2026-09-10,2026-09-10,9/10 11:01,パチンコ,3619,①Pﾗﾌﾞ嬢3H1YZ6,0045,-6.0,-5.1,-1.6,0,1,1,1/618,1/577,1/211
2026-09-10,2026-09-10,9/10 11:01,パチンコ,3009,①Pﾘｱﾙ鬼ごっこ2V3A,0003,-1.7,-2.9,2.3,31,20,35,1/68,1/173,1/92
2026-09-10,2026-09-10,9/10 11:01,パチンコ,3508,①Pﾘﾝｸﾞ 呪いの7日間3 JMA,0051,-1.9,-1.5,-0.2,0,4,0,1/205,1/253,1/25
2026-09-10,2026-09-10,9/10 11:01,パチンコ,2791,①Pﾘﾝｸﾞ呪いの7日間2 FWA,0011,-5.3,-1.6,1.6,6,8,6,1/117,1/236,1/66
2026-09-10,2026-09-10,9/10 11:01,パチンコ,3757,①Pﾙﾊﾟﾝ三世137YR2,0032,0.6,7.0,0.0,21,37,0,1/50,1/109,
2026-09-10,2026-09-10,9/10 11:01,パチンコ,3634,①Pﾙﾊﾟﾝ三世14H1YZ4,0007,-3.8,-6.8,0.0,2,5,0,1/506,1/521,
2026-09-10,2026-09-10,9/10 11:01,パチンコ,3815,②e/押忍番長漢の頂/L09,0113,-2.7,1.8,-0.1,0,8,0,1/228,1/101,1/3
2026-09-10,2026-09-10,9/10 11:01,パチンコ,3819,②eいせれべFSZ,0111,0.0,0.0,0.0,0,0,0,,,
2026-09-10,2026-09-10,9/10 11:01,パチンコ,3819,②eいせれべFSZ,0112,0.0,0.0,0.0,0,0,0,,,
2026-09-10,2026-09-10,9/10 11:01,パチンコ,3789,②e仮面ﾗｲﾀﾞｰBLACK-KRJ2,0114,-4.9,-0.7,0.0,2,0,0,1/331,1/89,
2026-09-10,2026-09-10,9/10 11:01,パチンコ,3740,②eﾌｨｰﾊﾞｰからくりｻｰｶｽ2R,0115,6.5,-1.0,0.0,7,1,0,1/80,1/121,
2026-09-10,2026-09-10,9/10 11:01,パチンコ,3773,②eﾌｨｰﾊﾞｰ戦姫絶唱ｼﾝﾌｫｷﾞｱ4F,0116,-0.7,-0.2,0.0,0,0,0,1/74,1/15,
2026-09-10,2026-09-10,9/10 11:01,パチンコ,3246,②P009 RE:CYBORG N3-K,0065,5.3,-1.0,-0.3,28,1,0,1/82,1/120,1/33
2026-09-10,2026-09-10,9/10 11:01,パチンコ,3438,②PA緋弾のｱﾘｱ~緋弾覚醒編~FRA,0061,0.0,0.0,0.0,0,0,0,,,
2026-09-10,2026-09-10,9/10 11:01,パチンコ,3759,②PAﾌｨｰﾊﾞｰかぐや様は告らせたいYG,0071,-0.1,-1.7,0.0,7,0,0,1/96,1/168,
2026-09-10,2026-09-10,9/10 11:01,パチンコ,3491,②PGⅠ優駿倶楽部2HT,0110,0.2,-0.1,0.0,2,0,0,1/15,1/13,
2026-09-10,2026-09-10,9/10 11:01,パチンコ,3472,②Psin七つの大罪V3B,0062,-1.2,4.6,-0.3,4,11,0,1/125,1/30,1/40
2026-09-10,2026-09-10,9/10 11:01,パチンコ,3630,②Pうまい棒4500から10500V1,0075,0.0,-2.0,-0.7,0,0,0,,1/17,1/6
2026-09-10,2026-09-10,9/10 11:01,パチンコ,3638,②Pえとたま2MY,0105,0.0,0.0,0.0,0,0,0,,,
2026-09-10,2026-09-10,9/10 11:01,パチンコ,3581,②Pとある科学の超電磁砲2JMB,0109,0.0,0.0,0.0,0,0,0,,,
2026-09-10,2026-09-10,9/10 11:01,パチンコ,3560,②Pとある魔術の禁書目録2JMZ,0068,8.1,-1.7,0.0,11,0,0,1/24,1/202,
2026-09-10,2026-09-10,9/10 11:01,パチンコ,3622,②P俺の妹がこんなに可愛いわけが,0066,0.0,1.6,0.0,0,6,0,,1/38,
2026-09-10,2026-09-10,9/10 11:01,パチンコ,3621,②P愛の不時着MF,0072,0.0,-0.1,0.0,0,0,0,,1/15,
2026-09-10,2026-09-10,9/10 11:01,パチンコ,3475,②P牙狼11~冴島大河~XX-MU,0067,-0.4,-7.2,0.0,0,0,0,1/39,1/805,
2026-09-10,2026-09-10,9/10 11:01,パチンコ,3270,②P真･花の慶次3TL5-MX,0064,-0.6,-0.1,-0.2,0,0,0,1/64,1/19,1/24
2026-09-10,2026-09-10,9/10 11:01,パチンコ,3579,②Pｴｳﾞｧﾝｹﾞﾘｵﾝ15未来への咆哮F,0074,-3.3,4.9,0.0,1,16,0,1/380,1/185,
2026-09-10,2026-09-10,9/10 11:01,パチンコ,3387,②Pｺﾞｼﾞﾗ対ｴｳﾞｧﾝｹﾞﾘｵﾝ G細胞覚醒YR,0107,-5.0,5.3,0.0,11,32,0,1/168,1/48,
2026-09-10,2026-09-10,9/10 11:01,パチンコ,3629,②Pｺﾞｼﾞﾗ対ｴｳﾞｧﾝｹﾞﾘｵﾝ2R,0108,-7.7,-1.5,0.0,1,0,0,1/928,1/171,
2026-09-10,2026-09-10,9/10 11:01,パチンコ,3710,②Pｺﾞﾌﾞﾘﾝｽﾚｲﾔｰ ﾗｯｷｰﾄﾘｶﾞｰVer,0069,-1.0,-1.0,0.0,0,0,0,1/104,1/115,
2026-09-10,2026-09-10,9/10 11:01,パチンコ,3473,②Pｻﾗﾘｰﾏﾝ金太郎 FVE,0063,0.0,-0.6,0.0,0,0,0,,1/53,
2026-09-10,2026-09-10,9/10 11:01,パチンコ,3584,②Pﾃﾞｼﾞﾊﾈ聖戦士ﾀﾞﾝﾊﾞｲﾝ2SSPB,0073,-1.5,2.1,0.0,8,25,0,1/79,1/78,
2026-09-10,2026-09-10,9/10 11:01,パチンコ,3631,②Pﾌｨｰﾊﾞｰかぐや様は告らせたいR,0106,0.0,-0.8,-0.3,0,0,0,,1/109,1/31
2026-09-10,2026-09-10,9/10 11:01,パチンコ,3615,②Pﾘﾝｸﾞ 呪いの7日間3 Light JVZ,0104,-3.9,2.4,0.0,4,16,0,1/262,1/62,
2026-09-10,2026-09-10,9/10 11:01,パチンコ,2579,②バジリスク2AB,0070,0.0,-2.3,0.0,10,8,0,1/98,1/75,
2026-09-10,2026-09-10,9/10 11:01,スロット,3379,L A-SLOT+このすば FX,0438,-0.4,0.0,0.0,0,0,0,1/221,,
2026-09-10,2026-09-10,9/10 11:01,スロット,3379,L A-SLOT+このすば FX,0439,0.3,-0.3,0.0,1,0,0,1/127,1/201,
2026-09-10,2026-09-10,9/10 11:01,スロット,3744,L 甲鉄城のｶﾊﾞﾈﾘ 海門決戦 XX,0591,-1.6,2.2,0.0,11,73,0,1/174,1/76,
2026-09-10,2026-09-10,9/10 11:01,スロット,3744,L 甲鉄城のｶﾊﾞﾈﾘ 海門決戦 XX,0592,-0.5,-1.1,0.0,36,51,0,1/95,1/91,
2026-09-10,2026-09-10,9/10 11:01,スロット,3744,L 甲鉄城のｶﾊﾞﾈﾘ 海門決戦 XX,0593,0.8,-1.8,0.0,5,40,0,1/31,1/107,
2026-09-10,2026-09-10,9/10 11:01,スロット,3744,L 甲鉄城のｶﾊﾞﾈﾘ 海門決戦 XX,0594,-0.1,-1.1,0.0,3,4,0,1/86,1/195,
2026-09-10,2026-09-10,9/10 11:01,スロット,3744,L 甲鉄城のｶﾊﾞﾈﾘ 海門決戦 XX,0595,0.4,0.5,0.0,9,41,0,1/80,1/86,
2026-09-10,2026-09-10,9/10 11:01,スロット,3744,L 甲鉄城のｶﾊﾞﾈﾘ 海門決戦 XX,0596,-1.9,-1.9,0.0,4,17,0,1/317,1/135,
2026-09-10,2026-09-10,9/10 11:01,スロット,3744,L 甲鉄城のｶﾊﾞﾈﾘ 海門決戦 XX,0597,-0.7,-1.8,0.0,2,16,0,1/243,1/162,
2026-09-10,2026-09-10,9/10 11:01,スロット,3744,L 甲鉄城のｶﾊﾞﾈﾘ 海門決戦 XX,0598,0.5,-0.6,-0.3,5,7,5,1/38,1/120,1/137
2026-09-10,2026-09-10,9/10 11:01,スロット,3283,L 防振り FN,0654,0.1,-1.5,0.0,1,1,0,1/217,1/875,
2026-09-10,2026-09-10,9/10 11:01,スロット,3283,L 防振り FN,0655,0.0,-1.9,0.0,0,3,0,1/6,1/488,
2026-09-10,2026-09-10,9/10 11:01,スロット,3283,L 防振り FN,0656,3.5,-0.7,0.0,15,1,0,1/96,1/607,
2026-09-10,2026-09-10,9/10 11:01,スロット,3828,L ｽﾏｽﾛ ﾘｺﾘｽ･ﾘｺｲﾙ KX,0637,2.7,0.7,1.6,101,92,17,1/93,1/94,1/64
2026-09-10,2026-09-10,9/10 11:01,スロット,3828,L ｽﾏｽﾛ ﾘｺﾘｽ･ﾘｺｲﾙ KX,0638,-4.1,-1.3,-1.5,58,73,6,1/113,1/107,1/191
2026-09-10,2026-09-10,9/10 11:01,スロット,3828,L ｽﾏｽﾛ ﾘｺﾘｽ･ﾘｺｲﾙ KX,0639,-1.6,-6.1,-0.5,83,62,6,1/108,1/136,1/119
2026-09-10,2026-09-10,9/10 11:01,スロット,3828,L ｽﾏｽﾛ ﾘｺﾘｽ･ﾘｺｲﾙ KX,0640,0.4,4.5,-0.6,93,118,4,1/93,1/81,1/160
2026-09-10,2026-09-10,9/10 11:01,スロット,3828,L ｽﾏｽﾛ ﾘｺﾘｽ･ﾘｺｲﾙ KX,0641,-3.9,1.7,0.0,69,86,8,1/107,1/98,1/92
2026-09-10,2026-09-10,9/10 11:01,スロット,3828,L ｽﾏｽﾛ ﾘｺﾘｽ･ﾘｺｲﾙ KX,0642,-4.4,1.9,1.9,73,98,20,1/109,1/94,1/74
2026-09-10,2026-09-10,9/10 11:01,スロット,3708,L ｽﾏｽﾛ化物語 KH,0537,-0.8,-0.4,0.0,7,3,0,1/164,1/154,
2026-09-10,2026-09-10,9/10 11:01,スロット,3708,L ｽﾏｽﾛ化物語 KH,0538,0.7,-0.8,0.0,7,1,0,1/61,1/518,
2026-09-10,2026-09-10,9/10 11:01,スロット,3724,L ｽﾏｽﾛ北斗の拳 転生の章2 MW,0413,-0.9,-0.7,0.0,1,39,0,1/542,1/99,
2026-09-10,2026-09-10,9/10 11:01,スロット,3724,L ｽﾏｽﾛ北斗の拳 転生の章2 MW,0414,-1.1,-0.3,0.0,23,0,0,1/111,1/131,
2026-09-10,2026-09-10,9/10 11:01,スロット,3724,L ｽﾏｽﾛ北斗の拳 転生の章2 MW,0415,-0.3,-3.3,0.0,0,14,0,1/137,1/206,
2026-09-10,2026-09-10,9/10 11:01,スロット,3724,L ｽﾏｽﾛ北斗の拳 転生の章2 MW,0416,-0.6,-0.5,0.0,0,4,0,1/319,1/155,
2026-09-10,2026-09-10,9/10 11:01,スロット,3724,L ｽﾏｽﾛ北斗の拳 転生の章2 MW,0417,0.7,-0.2,0.0,22,0,0,1/74,1/116,
2026-09-10,2026-09-10,9/10 11:01,スロット,3724,L ｽﾏｽﾛ北斗の拳 転生の章2 MW,0418,-0.1,1.5,0.0,0,30,0,1/45,1/72,
2026-09-10,2026-09-10,9/10 11:01,スロット,3724,L ｽﾏｽﾛ北斗の拳 転生の章2 MW,0419,-2.0,1.6,0.0,29,23,0,1/127,1/62,
2026-09-10,2026-09-10,9/10 11:01,スロット,3724,L ｽﾏｽﾛ北斗の拳 転生の章2 MW,0420,-0.1,-0.4,0.0,0,0,0,1/48,1/170,
2026-09-10,2026-09-10,9/10 11:01,スロット,3724,L ｽﾏｽﾛ北斗の拳 転生の章2 MW,0421,-3.3,-1.9,0.0,21,41,0,1/168,1/107,
2026-09-10,2026-09-10,9/10 11:01,スロット,3724,L ｽﾏｽﾛ北斗の拳 転生の章2 MW,0422,-0.9,-0.8,0.0,2,8,0,1/335,1/132,
2026-09-10,2026-09-10,9/10 11:01,スロット,3724,L ｽﾏｽﾛ北斗の拳 転生の章2 MW,0423,-3.1,-1.1,0.0,12,43,0,1/228,1/102,
2026-09-10,2026-09-10,9/10 11:01,スロット,3736,L ｽﾏｽﾛ攻殻機動隊 ZS,0555,0.0,2.4,1.0,6,15,5,1/133,1/154,1/94
2026-09-10,2026-09-10,9/10 11:01,スロット,3416,L ｽﾏｽﾛ頭文字D2nd YR,0687,-0.7,-0.6,0.0,2,1,0,1/225,1/317,
2026-09-10,2026-09-10,9/10 11:01,スロット,3416,L ｽﾏｽﾛ頭文字D2nd YR,0688,-0.6,0.3,0.0,1,43,0,1/295,1/100,
2026-09-10,2026-09-10,9/10 11:01,スロット,3542,L ｽﾏｽﾛｶｲｼﾞ 狂宴 FJ,0660,-0.8,-0.9,0.0,2,5,0,1/327,1/215,
2026-09-10,2026-09-10,9/10 11:01,スロット,3782,L ﾋﾞｯｸﾞﾄﾞﾘｰﾑ KR,0466,0.0,-2.0,0.0,0,3,0,,1/377,
2026-09-10,2026-09-10,9/10 11:01,スロット,3782,L ﾋﾞｯｸﾞﾄﾞﾘｰﾑ KR,0467,0.0,-2.1,0.0,27,3,0,1/74,1/403,
2026-09-10,2026-09-10,9/10 11:01,スロット,3782,L ﾋﾞｯｸﾞﾄﾞﾘｰﾑ KR,0468,0.0,-1.9,0.0,0,3,0,,1/391,
2026-09-10,2026-09-10,9/10 11:01,スロット,3533,L/SHAMANKING/SS,0679,0.8,-6.2,0.0,2,8,0,1/434,1/449,
2026-09-10,2026-09-10,9/10 11:01,スロット,3609,L/いざ番長/SB8,0545,3.4,1.4,0.0,24,10,0,1/73,1/42,
2026-09-10,2026-09-10,9/10 11:01,スロット,3609,L/いざ番長/SB8,0546,-0.2,-0.1,0.0,0,0,0,1/104,1/23,
2026-09-10,2026-09-10,9/10 11:01,スロット,3609,L/いざ番長/SB8,0547,-1.3,0.0,0.0,10,0,0,1/142,,
2026-09-10,2026-09-10,9/10 11:01,スロット,3767,L/真打吉宗/A1,0644,0.1,-2.7,0.0,53,26,0,1/81,1/132,
2026-09-10,2026-09-10,9/10 11:01,スロット,3767,L/真打吉宗/A1,0645,-4.3,-6.3,-1.8,38,29,0,1/127,1/178,1/964
2026-09-10,2026-09-10,9/10 11:01,スロット,3715,L/ｵｷﾄﾞｷﾃﾞｭｵ2/FR,0689,-3.5,-0.2,0.0,16,0,0,1/213,1/95,
2026-09-10,2026-09-10,9/10 11:01,スロット,3715,L/ｵｷﾄﾞｷﾃﾞｭｵ2/FR,0690,4.3,-0.2,0.0,27,0,0,1/46,1/63,
2026-09-10,2026-09-10,9/10 11:01,スロット,3715,L/ｵｷﾄﾞｷﾃﾞｭｵ2/FR,0691,-1.0,-0.4,0.0,0,0,0,1/463,1/161,
2026-09-10,2026-09-10,9/10 11:01,スロット,3715,L/ｵｷﾄﾞｷﾃﾞｭｵ2/FR,0692,-6.0,-0.2,3.5,38,0,17,1/193,1/73,1/30
2026-09-10,2026-09-10,9/10 11:01,スロット,3716,L/ｽﾏｽﾛ秘宝伝/PA7,0629,1.6,-1.1,-0.5,6,3,2,1/90,1/357,1/242
2026-09-10,2026-09-10,9/10 11:01,スロット,3716,L/ｽﾏｽﾛ秘宝伝/PA7,0630,-0.3,-0.8,0.0,5,1,0,1/280,1/576,
2026-09-10,2026-09-10,9/10 11:01,スロット,3716,L/ｽﾏｽﾛ秘宝伝/PA7,0631,0.0,0.1,0.0,0,1,0,,1/104,
2026-09-10,2026-09-10,9/10 11:01,スロット,3562,L/ｽﾏｽﾛﾏｷﾞｱﾚｺｰﾄﾞ/RN,0539,-1.5,5.4,0.0,4,14,0,1/297,1/187,
2026-09-10,2026-09-10,9/10 11:01,スロット,3562,L/ｽﾏｽﾛﾏｷﾞｱﾚｺｰﾄﾞ/RN,0540,-0.2,0.0,0.0,1,0,0,1/175,,
2026-09-10,2026-09-10,9/10 11:01,スロット,3562,L/ｽﾏｽﾛﾏｷﾞｱﾚｺｰﾄﾞ/RN,0541,-0.6,-1.7,0.0,4,9,0,1/206,1/286,
2026-09-10,2026-09-10,9/10 11:01,スロット,3788,L/ｿｰﾄﾞｱｰﾄ･ｵﾝﾗｲﾝⅡ/PA1,0548,1.9,-3.1,-0.3,70,23,0,1/92,1/124,1/136
2026-09-10,2026-09-10,9/10 11:01,スロット,3788,L/ｿｰﾄﾞｱｰﾄ･ｵﾝﾗｲﾝⅡ/PA1,0549,-3.0,4.6,0.0,32,72,0,1/128,1/78,
2026-09-10,2026-09-10,9/10 11:01,スロット,3788,L/ｿｰﾄﾞｱｰﾄ･ｵﾝﾗｲﾝⅡ/PA1,0550,-6.6,-3.1,-0.2,58,15,2,1/129,1/178,1/127
2026-09-10,2026-09-10,9/10 11:01,スロット,3743,L/ﾊﾅﾋﾞ/KM,0479,1.6,-1.1,0.0,17,6,0,1/225,1/406,
2026-09-10,2026-09-10,9/10 11:01,スロット,3743,L/ﾊﾅﾋﾞ/KM,0480,-0.3,-1.0,0.7,5,2,3,1/336,1/493,1/108
2026-09-10,2026-09-10,9/10 11:01,スロット,3685,L/ﾊﾞﾍﾞﾙ/BA,0693,0.0,0.0,0.0,0,0,0,,,
2026-09-10,2026-09-10,9/10 11:01,スロット,3771,L/ﾐﾘｵﾝｺﾞｯﾄﾞ/CX,0632,10.9,0.0,0.0,3,3,0,1/1286,1/2586,
2026-09-10,2026-09-10,9/10 11:01,スロット,3771,L/ﾐﾘｵﾝｺﾞｯﾄﾞ/CX,0633,0.3,-0.2,0.0,0,0,0,1/4471,1/1872,
2026-09-10,2026-09-10,9/10 11:01,スロット,3771,L/ﾐﾘｵﾝｺﾞｯﾄﾞ/CX,0634,-2.1,-2.9,0.0,0,0,0,1/1694,1/3091,
2026-09-10,2026-09-10,9/10 11:01,スロット,3771,L/ﾐﾘｵﾝｺﾞｯﾄﾞ/CX,0635,0.0,-2.9,0.0,0,6,0,1/193,1/940,
2026-09-10,2026-09-10,9/10 11:01,スロット,3771,L/ﾐﾘｵﾝｺﾞｯﾄﾞ/CX,0636,0.1,1.1,0.0,0,5,0,1/5211,1/406,
2026-09-10,2026-09-10,9/10 11:01,スロット,3568,L/ﾖｼﾑﾈS/SC2,0625,-1.0,-1.7,-0.2,2,0,0,1/794,1/1031,1/103
2026-09-10,2026-09-10,9/10 11:01,スロット,3568,L/ﾖｼﾑﾈS/SC2,0626,-0.1,-0.6,0.0,1,0,0,1/608,1/404,1/1
2026-09-10,2026-09-10,9/10 11:01,スロット,3568,L/ﾖｼﾑﾈS/SC2,0627,-1.5,0.6,0.0,0,2,0,1/847,1/346,1/2
2026-09-10,2026-09-10,9/10 11:01,スロット,3568,L/ﾖｼﾑﾈS/SC2,0628,0.0,0.3,0.0,1,4,0,1/538,1/454,1/1
2026-09-10,2026-09-10,9/10 11:01,スロット,3811,L/ﾜｰﾙﾄﾞﾀﾞｲｽﾀｰ/PA3,0557,0.5,-6.3,0.0,17,23,0,1/341,1/322,
2026-09-10,2026-09-10,9/10 11:01,スロット,3768,LB 異世界かるてっと KR,0681,-1.0,-1.5,0.0,3,6,0,1/334,1/267,
2026-09-10,2026-09-10,9/10 11:01,スロット,3674,LB/ｸﾚｱの秘宝伝ﾎﾞｰﾅｽﾄﾘｶﾞｰVER./A2,0682,-0.1,-0.2,0.0,0,1,0,1/23,1/305,
2026-09-10,2026-09-10,9/10 11:01,スロット,3674,LB/ｸﾚｱの秘宝伝ﾎﾞｰﾅｽﾄﾘｶﾞｰVER./A2,0683,0.4,-0.1,-0.1,8,0,0,1/313,1/38,1/41
2026-09-10,2026-09-10,9/10 11:01,スロット,3689,LB/ｼｪｲｸﾎﾞｰﾅｽﾄﾘｶﾞｰ/A1,0680,4.2,0.3,-0.3,17,6,0,1/183,1/311,1/194
2026-09-10,2026-09-10,9/10 11:01,スロット,3745,LB/ｽﾏｽﾛｻﾝﾀﾞｰVHA,0673,-2.2,-2.0,1.0,1,12,5,1/1559,1/334,1/167
2026-09-10,2026-09-10,9/10 11:01,スロット,3829,LB/ﾀｺｽﾛBD,0672,0.7,-0.2,0.0,16,20,3,1/262,1/330,1/367
2026-09-10,2026-09-10,9/10 11:01,スロット,3647,LBAREXBRIGHTBA,0671,-0.9,-0.3,0.0,4,3,0,1/515,1/324,
2026-09-10,2026-09-10,9/10 11:01,スロット,3611,LB翔べ!ﾊｰﾚﾑｴｰｽCF,0667,0.0,0.6,0.0,1,4,0,1/451,1/270,
2026-09-10,2026-09-10,9/10 11:01,スロット,3648,LBｴｳﾞｧﾝｹﾞﾘｵﾝsR,0670,-0.2,1.5,-0.3,1,7,0,1/263,1/155,1/200
2026-09-10,2026-09-10,9/10 11:01,スロット,3798,LBｹﾛｯﾄ5ND05H,0674,-0.8,-1.0,0.0,2,4,1,1/481,1/440,1/160
2026-09-10,2026-09-10,9/10 11:01,スロット,3798,LBｹﾛｯﾄ5ND05H,0675,-0.9,-1.2,-0.3,5,3,0,1/281,1/609,1/124
2026-09-10,2026-09-10,9/10 11:01,スロット,3610,LBﾆｭｰﾊﾟﾙｻｰBTC9,0429,-0.3,-0.3,0.0,1,0,0,1/316,1/183,
2026-09-10,2026-09-10,9/10 11:01,スロット,3612,LBﾌﾟﾚﾐｱﾑうまい棒S1,0666,0.2,-0.1,-0.1,2,12,0,1/146,1/280,1/92
2026-09-10,2026-09-10,9/10 11:01,スロット,3680,LBﾏｼﾞｶﾙﾊﾛｳｨﾝGS,0663,-0.7,-1.5,0.0,5,2,0,1/292,1/824,
2026-09-10,2026-09-10,9/10 11:01,スロット,3185,LGⅠ優駿倶楽部黄金KD,0665,0.6,0.0,0.0,7,0,0,1/24,,
2026-09-10,2026-09-10,9/10 11:01,スロット,3531,Lありふれた職業で世界最強jA,0457,0.0,-1.1,0.0,0,1,0,,1/698,
2026-09-10,2026-09-10,9/10 11:01,スロット,3531,Lありふれた職業で世界最強jA,0458,0.0,-0.3,0.0,0,0,0,,1/162,
2026-09-10,2026-09-10,9/10 11:01,スロット,3378,Lかぐや様は告らせたいjA,0650,-2.3,-0.5,0.0,3,9,0,1/637,1/198,
2026-09-10,2026-09-10,9/10 11:01,スロット,3378,Lかぐや様は告らせたいjA,0651,-0.8,-1.2,0.0,11,3,0,1/259,1/379,
2026-09-10,2026-09-10,9/10 11:01,スロット,3378,Lかぐや様は告らせたいjA,0652,-2.4,-1.3,0.0,3,4,0,1/563,1/379,
2026-09-10,2026-09-10,9/10 11:01,スロット,3797,Lからくりｻｰｶｽ2jG,0506,-0.5,-1.5,0.0,2,5,0,1/176,1/214,
2026-09-10,2026-09-10,9/10 11:01,スロット,3797,Lからくりｻｰｶｽ2jG,0507,-2.8,-1.5,0.0,8,20,0,1/253,1/128,
2026-09-10,2026-09-10,9/10 11:01,スロット,3797,Lからくりｻｰｶｽ2jG,0508,-0.7,3.0,0.0,14,19,0,1/89,1/65,
2026-09-10,2026-09-10,9/10 11:01,スロット,3797,Lからくりｻｰｶｽ2jG,0509,-0.3,-1.3,0.0,2,13,0,1/145,1/120,
2026-09-10,2026-09-10,9/10 11:01,スロット,2953,LからくりｻｰｶｽG,0517,1.8,-0.2,0.0,24,0,0,1/36,1/89,
2026-09-10,2026-09-10,9/10 11:01,スロット,2953,LからくりｻｰｶｽG,0518,-0.3,-0.2,0.0,0,0,0,1/165,1/93,
2026-09-10,2026-09-10,9/10 11:01,スロット,2953,LからくりｻｰｶｽG,0519,-0.3,0.2,0.0,0,2,0,1/149,1/24,
2026-09-10,2026-09-10,9/10 11:01,スロット,2953,LからくりｻｰｶｽG,0520,-0.1,5.4,0.0,0,39,0,1/65,1/72,
2026-09-10,2026-09-10,9/10 11:01,スロット,2953,LからくりｻｰｶｽG,0521,-0.2,-0.1,0.0,0,0,0,1/93,1/73,
2026-09-10,2026-09-10,9/10 11:01,スロット,3699,Lとある科学の超電磁砲2FV,0643,1.5,3.9,0.0,5,9,0,1/86,1/86,
2026-09-10,2026-09-10,9/10 11:01,スロット,3813,Lとある魔術の禁書目録2FA,0646,-1.2,6.4,0.0,8,28,0,1/267,1/115,
2026-09-10,2026-09-10,9/10 11:01,スロット,3813,Lとある魔術の禁書目録2FA,0647,-1.0,-0.4,1.4,1,18,5,1/672,1/161,1/39
2026-09-10,2026-09-10,9/10 11:01,スロット,3813,Lとある魔術の禁書目録2FA,0648,-2.3,-4.1,0.0,8,19,0,1/281,1/224,
2026-09-10,2026-09-10,9/10 11:01,スロット,3813,Lとある魔術の禁書目録2FA,0649,-1.4,-1.9,-0.3,9,14,0,1/223,1/210,1/150
2026-09-10,2026-09-10,9/10 11:01,スロット,3812,LとんでもｽｷﾙKM,0558,-0.9,1.0,-0.4,27,18,6,1/70,1/33,1/78
2026-09-10,2026-09-10,9/10 11:01,スロット,3808,Lやじきた道中記参る!BG,0551,-1.3,-1.1,0.0,4,7,0,1/772,1/496,
2026-09-10,2026-09-10,9/10 11:01,スロット,3646,Lわたしの幸せな結婚PN,0464,0.0,3.6,0.0,0,16,0,,1/143,
2026-09-10,2026-09-10,9/10 11:01,スロット,3646,Lわたしの幸せな結婚PN,0465,0.0,0.0,0.0,0,0,0,,,
2026-09-10,2026-09-10,9/10 11:01,スロット,3600,L七つの魔剣が支配するPU,0430,0.0,0.1,0.0,0,5,0,1/1,1/28,
2026-09-10,2026-09-10,9/10 11:01,スロット,3417,L今日から俺は!!FE,0686,-1.7,1.3,0.0,4,11,0,1/677,1/383,
2026-09-10,2026-09-10,9/10 11:01,スロット,3660,L咲-Saki-頂上決戦YR,0657,-0.1,1.3,0.0,9,30,0,1/70,1/60,
2026-09-10,2026-09-10,9/10 11:01,スロット,3005,L戦国乙女4S3,0697,0.0,0.3,0.0,0,4,0,,1/206,
2026-09-10,2026-09-10,9/10 11:01,スロット,3005,L戦国乙女4S3,0698,-0.5,-0.1,0.0,5,2,0,1/235,1/303,
2026-09-10,2026-09-10,9/10 11:01,スロット,3786,L戦国乙女5L8,0481,-2.8,2.0,0.0,12,19,0,1/198,1/60,
2026-09-10,2026-09-10,9/10 11:01,スロット,3786,L戦国乙女5L8,0482,-1.6,-0.6,0.0,21,22,0,1/152,1/115,
2026-09-10,2026-09-10,9/10 11:01,スロット,3786,L戦国乙女5L8,0483,-2.4,-6.0,-0.2,21,21,7,1/114,1/231,1/139
2026-09-10,2026-09-10,9/10 11:01,スロット,3026,L戦国ｺﾚｸｼｮﾝ5GJ,0661,-0.6,7.2,0.0,7,38,0,1/142,1/23,1/1
2026-09-10,2026-09-10,9/10 11:01,スロット,3796,L戦国ｺﾚｸｼｮﾝ6KS,0478,-2.0,-3.9,0.0,4,13,0,1/408,1/258,
2026-09-10,2026-09-10,9/10 11:01,スロット,3687,L新鬼武者3SA,0434,-0.8,-1.3,-0.8,2,5,1,1/323,1/233,1/481
2026-09-10,2026-09-10,9/10 11:01,スロット,3687,L新鬼武者3SA,0435,0.0,0.1,-0.6,6,3,2,1/63,1/150,1/216
2026-09-10,2026-09-10,9/10 11:01,スロット,3687,L新鬼武者3SA,0436,-0.2,0.2,0.0,0,10,0,1/112,1/88,
2026-09-10,2026-09-10,9/10 11:01,スロット,3687,L新鬼武者3SA,0437,-0.7,-1.1,0.0,6,1,0,1/167,1/597,
2026-09-10,2026-09-10,9/10 11:01,スロット,3532,L東京喰種CT,0601,-2.2,-6.0,-0.6,19,22,6,1/206,1/270,1/123
2026-09-10,2026-09-10,9/10 11:01,スロット,3532,L東京喰種CT,0602,4.4,0.1,-1.2,36,2,1,1/61,1/48,1/734
2026-09-10,2026-09-10,9/10 11:01,スロット,3532,L東京喰種CT,0603,-0.6,-1.7,-0.2,4,4,8,1/177,1/328,1/90
2026-09-10,2026-09-10,9/10 11:01,スロット,3532,L東京喰種CT,0604,6.2,-0.6,-0.3,35,22,2,1/74,1/118,1/273
2026-09-10,2026-09-10,9/10 11:01,スロット,3532,L東京喰種CT,0605,-1.5,-0.7,-0.7,14,5,3,1/215,1/186,1/247
2026-09-10,2026-09-10,9/10 11:01,スロット,3532,L東京喰種CT,0606,-1.5,-1.0,-0.3,6,2,0,1/250,1/396,1/177
2026-09-10,2026-09-10,9/10 11:01,スロット,3734,L炎炎ﾉ消防隊2,0599,-2.6,-3.4,0.0,10,31,0,1/301,1/246,
2026-09-10,2026-09-10,9/10 11:01,スロット,3734,L炎炎ﾉ消防隊2,0600,-1.1,-1.9,0.0,9,39,0,1/217,1/175,
2026-09-10,2026-09-10,9/10 11:01,スロット,3263,L炎炎ﾉ消防隊jG,0684,0.0,2.2,0.0,0,15,0,,1/69,
2026-09-10,2026-09-10,9/10 11:01,スロット,3263,L炎炎ﾉ消防隊jG,0685,0.0,-1.3,0.0,0,0,0,,1/815,
2026-09-10,2026-09-10,9/10 11:01,スロット,3735,L範馬刃牙L5,0500,-0.3,-0.4,0.0,7,3,0,1/96,1/137,
2026-09-10,2026-09-10,9/10 11:01,スロット,3698,L絶対衝激ﾌｫｰｽFH,0653,0.0,-0.4,0.0,0,2,0,,1/157,
2026-09-10,2026-09-10,9/10 11:01,スロット,3661,L転生したら剣でしたGT,0459,0.0,-0.3,0.0,0,5,0,,1/140,
2026-09-10,2026-09-10,9/10 11:01,スロット,3661,L転生したら剣でしたGT,0460,0.0,-0.2,0.0,0,0,0,,1/112,
2026-09-10,2026-09-10,9/10 11:01,スロット,3810,L邪神ちゃんﾄﾞﾛｯﾌﾟｷｯｸTX,0554,-3.1,-0.6,0.0,27,8,0,1/283,1/365,
2026-09-10,2026-09-10,9/10 11:01,スロット,3826,L青春ﾌﾞﾀ野郎L1,0484,4.5,-4.9,-1.6,49,39,2,1/116,1/141,1/395
2026-09-10,2026-09-10,9/10 11:01,スロット,3826,L青春ﾌﾞﾀ野郎L1,0485,3.2,-1.9,0.0,47,32,0,1/108,1/130,
2026-09-10,2026-09-10,9/10 11:01,スロット,3826,L青春ﾌﾞﾀ野郎L1,0486,0.3,4.3,0.0,34,52,0,1/156,1/92,
2026-09-10,2026-09-10,9/10 11:01,スロット,3697,L革命機ｳﾞｧﾙｳﾞﾚｲｳﾞ2jF,0469,-0.8,-0.1,0.0,6,11,0,1/139,1/95,
2026-09-10,2026-09-10,9/10 11:01,スロット,3697,L革命機ｳﾞｧﾙｳﾞﾚｲｳﾞ2jF,0470,0.0,0.0,0.0,0,0,0,,,
2026-09-10,2026-09-10,9/10 11:01,スロット,3697,L革命機ｳﾞｧﾙｳﾞﾚｲｳﾞ2jF,0471,-1.0,0.0,0.0,1,0,0,1/846,1/26,
2026-09-10,2026-09-10,9/10 11:01,スロット,3697,L革命機ｳﾞｧﾙｳﾞﾚｲｳﾞ2jF,0472,0.6,0.8,0.0,4,20,0,1/50,1/69,
2026-09-10,2026-09-10,9/10 11:01,スロット,3697,L革命機ｳﾞｧﾙｳﾞﾚｲｳﾞ2jF,0473,0.0,2.8,0.0,0,21,0,,1/72,
2026-09-10,2026-09-10,9/10 11:01,スロット,3025,L麻雀格闘倶楽部覚醒KM,0668,-0.8,-1.9,0.0,4,7,0,1/309,1/355,
2026-09-10,2026-09-10,9/10 11:01,スロット,3025,L麻雀格闘倶楽部覚醒KM,0669,-2.2,0.0,0.0,8,15,0,1/303,1/152,
2026-09-10,2026-09-10,9/10 11:01,スロット,3765,LｱｸﾀﾞﾏﾄﾞﾗｲﾌﾞTP,0552,-1.5,1.9,0.0,6,10,0,1/393,1/191,1/11
2026-09-10,2026-09-10,9/10 11:01,スロット,3659,LｱｽﾞｰﾙﾚｰﾝTHE ANIMATION KN,0560,-0.9,6.2,0.0,3,67,0,1/200,1/18,
2026-09-10,2026-09-10,9/10 11:01,スロット,3189,Lｺﾞｼﾞﾗ対ｴｳﾞｧﾝｹﾞﾘｵﾝjA,0440,0.0,0.9,0.0,0,5,0,,1/125,
2026-09-10,2026-09-10,9/10 11:01,スロット,3189,Lｺﾞｼﾞﾗ対ｴｳﾞｧﾝｹﾞﾘｵﾝjA,0441,0.1,0.0,0.0,2,0,0,1/114,,
2026-09-10,2026-09-10,9/10 11:01,スロット,3540,LｼｽﾀｰｸｴｽﾄCA,0662,-2.1,0.0,0.0,7,0,0,1/225,,
2026-09-10,2026-09-10,9/10 11:01,スロット,3530,LｽｰﾊﾟｰﾌﾞﾗｯｸｼﾞｬｯｸSLDC,0658,-1.9,0.3,0.0,5,11,0,1/270,1/72,
2026-09-10,2026-09-10,9/10 11:01,スロット,3530,LｽｰﾊﾟｰﾌﾞﾗｯｸｼﾞｬｯｸSLDC,0659,3.3,-1.7,0.0,34,1,0,1/23,1/901,
2026-09-10,2026-09-10,9/10 11:01,スロット,3809,Lｽﾄﾘｰﾄﾌｧｲﾀｰ6SB,0553,-2.6,4.5,0.0,9,49,0,1/264,1/80,
2026-09-10,2026-09-10,9/10 11:01,スロット,3300,Lｽﾛｯﾄ ｿｰﾄﾞｱｰﾄ･ｵﾝﾗｲﾝB2,0624,-1.6,-0.5,0.0,7,2,0,1/188,1/250,
2026-09-10,2026-09-10,9/10 11:01,スロット,3657,LﾀﾞｰﾘﾝｲﾝｻﾞﾌﾗﾝｷｽSA,0461,0.0,-0.1,0.0,0,0,0,,1/69,
2026-09-10,2026-09-10,9/10 11:01,スロット,3657,LﾀﾞｰﾘﾝｲﾝｻﾞﾌﾗﾝｷｽSA,0462,0.0,-0.1,0.0,0,0,0,,1/59,
2026-09-10,2026-09-10,9/10 11:01,スロット,3657,LﾀﾞｰﾘﾝｲﾝｻﾞﾌﾗﾝｷｽSA,0463,0.0,-0.6,0.0,0,2,0,,1/352,
2026-09-10,2026-09-10,9/10 11:01,スロット,3486,Lﾀﾞﾝﾍﾞﾙ何ｷﾛ持てる?X,0431,0.0,-1.4,0.0,0,51,0,,1/70,
2026-09-10,2026-09-10,9/10 11:01,スロット,3613,Lﾃﾞﾋﾞﾙﾒｲｸﾗｲ5ST XA,0694,-0.2,0.1,0.0,0,3,0,1/124,1/93,
2026-09-10,2026-09-10,9/10 11:01,スロット,3613,Lﾃﾞﾋﾞﾙﾒｲｸﾗｲ5ST XA,0695,-0.2,0.0,0.0,0,0,0,1/125,,
2026-09-10,2026-09-10,9/10 11:01,スロット,3613,Lﾃﾞﾋﾞﾙﾒｲｸﾗｲ5ST XA,0696,0.0,0.0,0.0,0,0,0,,,
2026-09-10,2026-09-10,9/10 11:01,スロット,3702,LﾈｵﾌﾟﾗﾈｯﾄSLED,0499,-0.3,10.8,0.0,10,44,0,1/306,1/143,
2026-09-10,2026-09-10,9/10 11:01,スロット,3787,LﾊﾞｰﾃﾞｨｰｳｲﾝｸﾞBC,0477,-0.9,-3.1,-0.9,3,14,2,1/186,1/170,1/264
2026-09-10,2026-09-10,9/10 11:01,スロット,3541,Lﾊﾞｲｵﾊｻﾞｰﾄﾞ5ZE,0676,-1.3,-1.5,0.0,3,8,0,1/310,1/264,
2026-09-10,2026-09-10,9/10 11:01,スロット,3541,Lﾊﾞｲｵﾊｻﾞｰﾄﾞ5ZE,0677,5.5,0.2,0.0,14,3,0,1/75,1/92,
2026-09-10,2026-09-10,9/10 11:01,スロット,3541,Lﾊﾞｲｵﾊｻﾞｰﾄﾞ5ZE,0678,-2.4,6.5,0.0,25,21,0,1/205,1/119,
2026-09-10,2026-09-10,9/10 11:01,スロット,3781,LﾊﾞｲｵﾊｻﾞｰﾄﾞRE:3 ZD,0474,4.3,-0.3,-0.1,22,4,0,1/30,1/133,1/73
2026-09-10,2026-09-10,9/10 11:01,スロット,3781,LﾊﾞｲｵﾊｻﾞｰﾄﾞRE:3 ZD,0475,0.0,0.0,0.0,0,0,0,,,
2026-09-10,2026-09-10,9/10 11:01,スロット,3781,LﾊﾞｲｵﾊｻﾞｰﾄﾞRE:3 ZD,0476,7.0,0.0,0.0,31,0,0,1/41,,
2026-09-10,2026-09-10,9/10 11:01,スロット,3084,Lﾊﾟﾁｽﾛひぐらしのなく頃に業SS,0664,-1.6,0.0,1.7,4,5,6,1/761,1/406,1/216
2026-09-10,2026-09-10,9/10 11:01,スロット,2853,Lﾊﾟﾁｽﾛ北斗の拳AD XR,0487,-0.6,3.5,0.0,2,39,0,1/310,1/36,
2026-09-10,2026-09-10,9/10 11:01,スロット,2853,Lﾊﾟﾁｽﾛ北斗の拳AD XR,0488,-0.3,0.3,0.0,8,6,0,1/119,1/61,
2026-09-10,2026-09-10,9/10 11:01,スロット,2853,Lﾊﾟﾁｽﾛ北斗の拳AD XR,0489,-0.3,-0.5,0.0,2,13,0,1/162,1/127,
2026-09-10,2026-09-10,9/10 11:01,スロット,2853,Lﾊﾟﾁｽﾛ北斗の拳AD XR,0490,-1.7,-2.2,0.0,1,5,0,1/1135,1/340,
2026-09-10,2026-09-10,9/10 11:01,スロット,2853,Lﾊﾟﾁｽﾛ北斗の拳AD XR,0491,-0.3,-0.1,-0.8,1,0,4,1/298,1/64,1/188
2026-09-10,2026-09-10,9/10 11:01,スロット,2853,Lﾊﾟﾁｽﾛ北斗の拳AD XR,0492,0.0,-0.4,0.0,6,1,0,1/107,1/361,
2026-09-10,2026-09-10,9/10 11:01,スロット,2853,Lﾊﾟﾁｽﾛ北斗の拳AD XR,0493,-0.2,-0.5,0.0,3,3,0,1/164,1/163,
2026-09-10,2026-09-10,9/10 11:01,スロット,2853,Lﾊﾟﾁｽﾛ北斗の拳AD XR,0494,-0.3,-0.1,0.0,0,0,0,1/148,1/59,
2026-09-10,2026-09-10,9/10 11:01,スロット,2853,Lﾊﾟﾁｽﾛ北斗の拳AD XR,0495,-0.7,-1.5,0.0,2,1,0,1/280,1/939,
2026-09-10,2026-09-10,9/10 11:01,スロット,2853,Lﾊﾟﾁｽﾛ北斗の拳AD XR,0496,-2.2,-0.7,-0.1,10,2,0,1/211,1/352,1/82
2026-09-10,2026-09-10,9/10 11:01,スロット,2853,Lﾊﾟﾁｽﾛ北斗の拳AD XR,0497,0.0,-0.9,0.0,21,2,0,1/100,1/333,
2026-09-10,2026-09-10,9/10 11:01,スロット,2853,Lﾊﾟﾁｽﾛ北斗の拳AD XR,0498,0.7,-0.2,0.0,9,0,0,1/52,1/126,
2026-09-10,2026-09-10,9/10 11:01,スロット,3821,Lﾊﾟﾁｽﾛ喰霊零Re/L3,0556,-3.3,1.9,0.6,30,20,3,1/207,1/206,1/217
2026-09-10,2026-09-10,9/10 11:01,スロット,3725,Lﾊﾟﾁｽﾛ鉄拳6YD01H,0424,-0.6,0.0,0.0,3,0,0,1/158,,
2026-09-10,2026-09-10,9/10 11:01,スロット,3725,Lﾊﾟﾁｽﾛ鉄拳6YD01H,0425,1.2,0.0,0.0,4,0,0,1/104,,
2026-09-10,2026-09-10,9/10 11:01,スロット,3725,Lﾊﾟﾁｽﾛ鉄拳6YD01H,0426,-0.1,-0.2,0.0,0,0,0,1/80,1/123,
2026-09-10,2026-09-10,9/10 11:01,スロット,3725,Lﾊﾟﾁｽﾛ鉄拳6YD01H,0427,-2.1,5.9,0.0,2,29,0,1/582,1/50,
2026-09-10,2026-09-10,9/10 11:01,スロット,3725,Lﾊﾟﾁｽﾛ鉄拳6YD01H,0428,0.0,-0.1,0.0,0,0,0,,1/38,
2026-09-10,2026-09-10,9/10 11:01,スロット,3329,LﾊﾟﾁｽﾛｺﾞｯﾄﾞｲｰﾀｰﾘｻﾞﾚｸｼｮﾝSLED,0542,1.7,-0.6,0.0,15,3,0,1/35,1/161,
2026-09-10,2026-09-10,9/10 11:01,スロット,3329,LﾊﾟﾁｽﾛｺﾞｯﾄﾞｲｰﾀｰﾘｻﾞﾚｸｼｮﾝSLED,0543,-0.7,-0.3,0.0,16,2,0,1/78,1/134,
2026-09-10,2026-09-10,9/10 11:01,スロット,3329,LﾊﾟﾁｽﾛｺﾞｯﾄﾞｲｰﾀｰﾘｻﾞﾚｸｼｮﾝSLED,0544,-3.9,0.0,-0.2,22,23,0,1/154,1/74,1/120
2026-09-10,2026-09-10,9/10 11:01,スロット,3780,Lﾊﾟﾁｽﾛｽｰﾊﾟｰﾘｵｴｰｽ2ND02H,0510,0.8,-2.1,0.0,10,3,0,1/99,1/408,
2026-09-10,2026-09-10,9/10 11:01,スロット,3780,Lﾊﾟﾁｽﾛｽｰﾊﾟｰﾘｵｴｰｽ2ND02H,0511,0.8,-1.3,0.0,25,1,0,1/105,1/675,
2026-09-10,2026-09-10,9/10 11:01,スロット,3766,LﾊﾟﾁｽﾛﾖﾙﾑﾝｶﾞﾝﾄﾞND01G,0433,-1.0,-0.8,0.0,1,5,0,1/586,1/237,
2026-09-10,2026-09-10,9/10 11:01,スロット,3709,LﾌﾟﾘｽﾞﾑﾅﾅCC,0432,0.0,0.0,0.0,0,0,0,,,
2026-09-10,2026-09-10,9/10 11:01,スロット,3096,Lﾏｼﾞｶﾙﾊﾛｳｨﾝ8FE,0622,-0.3,-1.4,-0.1,0,1,0,1/271,1/1037,1/42
2026-09-10,2026-09-10,9/10 11:01,スロット,3096,Lﾏｼﾞｶﾙﾊﾛｳｨﾝ8FE,0623,-0.1,2.9,-0.1,0,29,0,1/40,1/153,1/39
2026-09-10,2026-09-10,9/10 11:01,スロット,3098,Lﾓﾝｷｰﾀｰﾝ5CE,0512,-0.3,4.3,0.0,1,32,2,1/572,1/44,1/52
2026-09-10,2026-09-10,9/10 11:01,スロット,3098,Lﾓﾝｷｰﾀｰﾝ5CE,0513,-0.3,-0.2,0.0,1,5,0,1/269,1/205,
2026-09-10,2026-09-10,9/10 11:01,スロット,3098,Lﾓﾝｷｰﾀｰﾝ5CE,0514,4.3,-1.3,0.0,32,2,0,1/48,1/401,
2026-09-10,2026-09-10,9/10 11:01,スロット,3098,Lﾓﾝｷｰﾀｰﾝ5CE,0515,1.9,0.2,0.0,26,25,0,1/88,1/67,
2026-09-10,2026-09-10,9/10 11:01,スロット,3098,Lﾓﾝｷｰﾀｰﾝ5CE,0516,-0.5,1.1,0.0,1,20,0,1/306,1/86,
2026-09-10,2026-09-10,9/10 11:01,スロット,3448,LﾓﾝｽﾀｰﾊﾝﾀｰﾗｲｽﾞXA,0501,3.3,-0.7,0.0,27,13,0,1/18,1/101,
2026-09-10,2026-09-10,9/10 11:01,スロット,3448,LﾓﾝｽﾀｰﾊﾝﾀｰﾗｲｽﾞXA,0502,2.0,-1.4,0.0,30,3,0,1/58,1/291,
2026-09-10,2026-09-10,9/10 11:01,スロット,3448,LﾓﾝｽﾀｰﾊﾝﾀｰﾗｲｽﾞXA,0503,-0.2,-0.5,0.0,0,2,0,1/85,1/173,
2026-09-10,2026-09-10,9/10 11:01,スロット,3448,LﾓﾝｽﾀｰﾊﾝﾀｰﾗｲｽﾞXA,0504,1.3,0.1,0.0,50,6,0,1/70,1/71,
2026-09-10,2026-09-10,9/10 11:01,スロット,3448,LﾓﾝｽﾀｰﾊﾝﾀｰﾗｲｽﾞXA,0505,0.3,-0.7,0.0,8,17,0,1/62,1/96,
2026-09-10,2026-09-10,9/10 11:01,スロット,3827,Lﾚﾝﾀﾙ彼女bK,0559,-2.3,7.4,0.0,42,82,3,1/126,1/68,1/69
2026-09-10,2026-09-10,9/10 11:01,スロット,3056,S ｴｳﾚｶｾﾌﾞﾝHIEVO XS,0699,1.9,3.5,0.0,10,33,0,1/166,1/194,
2026-09-10,2026-09-10,9/10 11:01,スロット,3056,S ｴｳﾚｶｾﾌﾞﾝHIEVO XS,0700,-0.6,-0.7,0.0,4,28,0,1/195,1/216,
2026-09-10,2026-09-10,9/10 11:01,スロット,2710,S/沖ﾄﾞｷ!GOLD/GS,0707,-2.5,-2.6,0.0,9,3,0,1/337,1/692,
2026-09-10,2026-09-10,9/10 11:01,スロット,2710,S/沖ﾄﾞｷ!GOLD/GS,0708,-1.2,2.2,0.0,8,30,0,1/219,1/117,
2026-09-10,2026-09-10,9/10 11:01,スロット,2710,S/沖ﾄﾞｷ!GOLD/GS,0709,1.8,-0.2,0.0,19,0,0,1/102,1/84,
2026-09-10,2026-09-10,9/10 11:01,スロット,2710,S/沖ﾄﾞｷ!GOLD/GS,0710,0.6,-4.4,0.0,8,7,0,1/115,1/475,1/12
2026-09-10,2026-09-10,9/10 11:01,スロット,2874,S/ｱﾅｻﾞｰｺﾞｯﾄﾞﾊｰﾃﾞｽ/SL,0705,-0.2,1.9,0.0,1,6,0,1/365,1/268,
2026-09-10,2026-09-10,9/10 11:01,スロット,3675,S/ﾄﾞﾙｱｰｶﾞの塔/ZU,0714,0.3,2.2,0.6,11,27,4,1/247,1/249,1/184
2026-09-10,2026-09-10,9/10 11:01,スロット,3461,SｳﾙﾄﾗﾐﾗｸﾙｼﾞｬｸﾞﾗｰKT,0588,0.7,-0.7,0.0,11,0,0,1/185,1/761,
2026-09-10,2026-09-10,9/10 11:01,スロット,3461,SｳﾙﾄﾗﾐﾗｸﾙｼﾞｬｸﾞﾗｰKT,0589,-0.4,-1.1,0.2,1,0,1,1/498,1/837,1/154
2026-09-10,2026-09-10,9/10 11:01,スロット,3461,SｳﾙﾄﾗﾐﾗｸﾙｼﾞｬｸﾞﾗｰKT,0590,-0.3,-0.9,-0.1,20,11,0,1/257,1/353,1/69
2026-09-10,2026-09-10,9/10 11:01,スロット,2923,Sｺｰﾄﾞｷﾞｱｽ3C.C.FS,0703,0.0,-0.1,0.0,0,0,0,,1/64,
2026-09-10,2026-09-10,9/10 11:01,スロット,2923,Sｺｰﾄﾞｷﾞｱｽ3C.C.FS,0704,0.9,-0.2,0.0,4,0,0,1/187,1/80,
2026-09-10,2026-09-10,9/10 11:01,スロット,2952,Sｺﾞｰｺﾞｰｼﾞｬｸﾞﾗｰ3KA,0576,0.9,-0.4,0.0,27,4,0,1/199,1/322,
2026-09-10,2026-09-10,9/10 11:01,スロット,2952,Sｺﾞｰｺﾞｰｼﾞｬｸﾞﾗｰ3KA,0577,0.0,0.1,0.0,8,22,0,1/180,1/228,
2026-09-10,2026-09-10,9/10 11:01,スロット,2952,Sｺﾞｰｺﾞｰｼﾞｬｸﾞﾗｰ3KA,0578,-0.6,-1.1,0.0,5,5,0,1/369,1/346,
2026-09-10,2026-09-10,9/10 11:01,スロット,2952,Sｺﾞｰｺﾞｰｼﾞｬｸﾞﾗｰ3KA,0579,-0.6,-0.2,0.0,10,14,0,1/307,1/276,
2026-09-10,2026-09-10,9/10 11:01,スロット,2952,Sｺﾞｰｺﾞｰｼﾞｬｸﾞﾗｰ3KA,0580,0.4,-0.6,0.5,10,1,2,1/219,1/572,1/207
2026-09-10,2026-09-10,9/10 11:01,スロット,2952,Sｺﾞｰｺﾞｰｼﾞｬｸﾞﾗｰ3KA,0581,0.1,0.6,0.0,4,23,0,1/204,1/231,
2026-09-10,2026-09-10,9/10 11:01,スロット,2952,Sｺﾞｰｺﾞｰｼﾞｬｸﾞﾗｰ3KA,0582,-2.0,0.1,-0.5,10,15,0,1/491,1/268,1/406
2026-09-10,2026-09-10,9/10 11:01,スロット,2952,Sｺﾞｰｺﾞｰｼﾞｬｸﾞﾗｰ3KA,0583,-0.3,-0.3,0.0,2,5,0,1/254,1/328,
2026-09-10,2026-09-10,9/10 11:01,スロット,2952,Sｺﾞｰｺﾞｰｼﾞｬｸﾞﾗｰ3KA,0584,0.1,-1.3,0.3,11,11,2,1/214,1/317,1/110
2026-09-10,2026-09-10,9/10 11:01,スロット,3242,SｼﾞｬｸﾞﾗｰｶﾞｰﾙｽﾞSS-KH,0522,0.6,0.1,0.1,13,6,1,1/225,1/241,1/346
2026-09-10,2026-09-10,9/10 11:01,スロット,3242,SｼﾞｬｸﾞﾗｰｶﾞｰﾙｽﾞSS-KH,0523,-0.2,0.4,0.0,0,14,0,1/159,1/254,
2026-09-10,2026-09-10,9/10 11:01,スロット,3242,SｼﾞｬｸﾞﾗｰｶﾞｰﾙｽﾞSS-KH,0573,-0.3,1.3,0.0,0,13,0,1/240,1/184,
2026-09-10,2026-09-10,9/10 11:01,スロット,3242,SｼﾞｬｸﾞﾗｰｶﾞｰﾙｽﾞSS-KH,0574,-1.2,-0.4,0.0,0,2,0,1/1217,1/342,
2026-09-10,2026-09-10,9/10 11:01,スロット,3242,SｼﾞｬｸﾞﾗｰｶﾞｰﾙｽﾞSS-KH,0575,-0.4,0.1,0.0,5,10,0,1/282,1/238,
2026-09-10,2026-09-10,9/10 11:01,スロット,3242,SｼﾞｬｸﾞﾗｰｶﾞｰﾙｽﾞSS-KH,0711,-0.1,0.2,0.0,1,1,0,1/277,1/55,
2026-09-10,2026-09-10,9/10 11:01,スロット,3242,SｼﾞｬｸﾞﾗｰｶﾞｰﾙｽﾞSS-KH,0712,-0.1,-0.5,0.0,0,0,0,1/65,1/381,
2026-09-10,2026-09-10,9/10 11:01,スロット,3242,SｼﾞｬｸﾞﾗｰｶﾞｰﾙｽﾞSS-KH,0713,0.0,-0.3,0.0,0,1,0,,1/843,
2026-09-10,2026-09-10,9/10 11:01,スロット,3256,Sﾀﾞﾝまち2XZ,0706,0.7,-0.1,-0.1,9,0,6,1/152,1/47,1/176
2026-09-10,2026-09-10,9/10 11:01,スロット,3265,SﾆｭｰﾊﾟﾙｻｰSP4SLE8,0701,1.9,-0.1,0.0,22,0,0,1/217,1/31,
2026-09-10,2026-09-10,9/10 11:01,スロット,3265,SﾆｭｰﾊﾟﾙｻｰSP4SLE8,0702,-0.2,-0.1,0.0,0,0,0,1/93,1/60,
2026-09-10,2026-09-10,9/10 11:01,スロット,3672,SﾈｵｱｲﾑｼﾞｬｸﾞﾗｰEX-KK,0607,-0.3,-1.0,0.0,3,4,0,1/307,1/472,
2026-09-10,2026-09-10,9/10 11:01,スロット,3672,SﾈｵｱｲﾑｼﾞｬｸﾞﾗｰEX-KK,0608,-0.6,-0.5,0.0,1,3,0,1/730,1/367,
2026-09-10,2026-09-10,9/10 11:01,スロット,3672,SﾈｵｱｲﾑｼﾞｬｸﾞﾗｰEX-KK,0609,1.8,0.3,0.0,19,21,0,1/223,1/271,
2026-09-10,2026-09-10,9/10 11:01,スロット,3672,SﾈｵｱｲﾑｼﾞｬｸﾞﾗｰEX-KK,0610,-0.6,-1.0,0.0,1,3,0,1/667,1/524,
2026-09-10,2026-09-10,9/10 11:01,スロット,3672,SﾈｵｱｲﾑｼﾞｬｸﾞﾗｰEX-KK,0611,2.7,-0.3,0.0,28,5,0,1/167,1/267,
2026-09-10,2026-09-10,9/10 11:01,スロット,3672,SﾈｵｱｲﾑｼﾞｬｸﾞﾗｰEX-KK,0612,0.0,-0.5,0.0,6,3,0,1/245,1/344,
2026-09-10,2026-09-10,9/10 11:01,スロット,3672,SﾈｵｱｲﾑｼﾞｬｸﾞﾗｰEX-KK,0613,-0.7,0.4,0.0,0,15,0,1/455,1/208,
2026-09-10,2026-09-10,9/10 11:01,スロット,3672,SﾈｵｱｲﾑｼﾞｬｸﾞﾗｰEX-KK,0614,0.1,0.2,0.6,10,7,2,1/256,1/186,1/88
2026-09-10,2026-09-10,9/10 11:01,スロット,3672,SﾈｵｱｲﾑｼﾞｬｸﾞﾗｰEX-KK,0615,-0.5,-0.9,0.0,0,3,0,1/298,1/438,
2026-09-10,2026-09-10,9/10 11:01,スロット,2609,SﾊｯﾋﾟｰｼﾞｬｸﾞﾗｰⅤⅢ,0616,-0.8,0.7,0.0,2,10,0,1/594,1/167,
2026-09-10,2026-09-10,9/10 11:01,スロット,2609,SﾊｯﾋﾟｰｼﾞｬｸﾞﾗｰⅤⅢ,0617,0.3,-0.3,-0.2,8,3,0,1/194,1/390,1/104
2026-09-10,2026-09-10,9/10 11:01,スロット,2609,SﾊｯﾋﾟｰｼﾞｬｸﾞﾗｰⅤⅢ,0618,-2.1,-0.8,0.0,10,11,0,1/363,1/280,
2026-09-10,2026-09-10,9/10 11:01,スロット,2609,SﾊｯﾋﾟｰｼﾞｬｸﾞﾗｰⅤⅢ,0619,-0.7,-2.4,0.0,0,3,0,1/676,1/911,
2026-09-10,2026-09-10,9/10 11:01,スロット,2609,SﾊｯﾋﾟｰｼﾞｬｸﾞﾗｰⅤⅢ,0620,0.4,-0.9,-0.1,13,2,0,1/253,1/498,1/49
2026-09-10,2026-09-10,9/10 11:01,スロット,2609,SﾊｯﾋﾟｰｼﾞｬｸﾞﾗｰⅤⅢ,0621,0.7,-1.1,0.0,6,7,0,1/189,1/423,
2026-09-10,2026-09-10,9/10 11:01,スロット,2318,Sﾌｧﾝｷｰｼﾞｬｸﾞﾗｰ2KT,0561,-0.4,-2.3,-0.1,6,11,0,1/306,1/394,1/70
2026-09-10,2026-09-10,9/10 11:01,スロット,2318,Sﾌｧﾝｷｰｼﾞｬｸﾞﾗｰ2KT,0562,-0.9,-0.2,-0.1,2,3,0,1/574,1/255,1/101
2026-09-10,2026-09-10,9/10 11:01,スロット,2318,Sﾌｧﾝｷｰｼﾞｬｸﾞﾗｰ2KT,0563,-1.2,-1.4,-0.2,5,4,0,1/438,1/551,1/266
2026-09-10,2026-09-10,9/10 11:01,スロット,2318,Sﾌｧﾝｷｰｼﾞｬｸﾞﾗｰ2KT,0564,-0.6,-0.4,0.0,1,11,0,1/897,1/278,
2026-09-10,2026-09-10,9/10 11:01,スロット,2318,Sﾌｧﾝｷｰｼﾞｬｸﾞﾗｰ2KT,0565,-1.5,-0.2,-0.1,10,12,0,1/353,1/253,1/51
2026-09-10,2026-09-10,9/10 11:01,スロット,2318,Sﾌｧﾝｷｰｼﾞｬｸﾞﾗｰ2KT,0566,-0.9,-0.4,-0.1,1,13,0,1/731,1/251,1/47
2026-09-10,2026-09-10,9/10 11:01,スロット,2318,Sﾌｧﾝｷｰｼﾞｬｸﾞﾗｰ2KT,0567,-1.3,-1.0,-0.1,2,2,0,1/712,1/591,1/35
2026-09-10,2026-09-10,9/10 11:01,スロット,2318,Sﾌｧﾝｷｰｼﾞｬｸﾞﾗｰ2KT,0568,0.7,0.1,0.4,10,9,3,1/187,1/192,1/79
2026-09-10,2026-09-10,9/10 11:01,スロット,2318,Sﾌｧﾝｷｰｼﾞｬｸﾞﾗｰ2KT,0569,-0.2,-0.1,0.0,6,9,0,1/343,1/275,
2026-09-10,2026-09-10,9/10 11:01,スロット,2318,Sﾌｧﾝｷｰｼﾞｬｸﾞﾗｰ2KT,0570,0.7,0.2,0.0,10,7,0,1/211,1/202,
2026-09-10,2026-09-10,9/10 11:01,スロット,2318,Sﾌｧﾝｷｰｼﾞｬｸﾞﾗｰ2KT,0571,-0.2,-0.6,-0.1,5,12,0,1/237,1/312,1/52
2026-09-10,2026-09-10,9/10 11:01,スロット,2318,Sﾌｧﾝｷｰｼﾞｬｸﾞﾗｰ2KT,0572,2.1,-0.1,0.0,25,2,0,1/173,1/269,
2026-09-10,2026-09-10,9/10 11:01,スロット,2357,SﾏｲｼﾞｬｸﾞﾗｰVKD,0524,-0.3,-0.5,0.2,8,7,2,1/348,1/320,1/139
2026-09-10,2026-09-10,9/10 11:01,スロット,2357,SﾏｲｼﾞｬｸﾞﾗｰVKD,0525,-0.9,0.2,-0.1,4,16,0,1/347,1/250,1/89
2026-09-10,2026-09-10,9/10 11:01,スロット,2357,SﾏｲｼﾞｬｸﾞﾗｰVKD,0526,-0.2,-0.6,-0.1,12,1,0,1/230,1/733,1/74
2026-09-10,2026-09-10,9/10 11:01,スロット,2357,SﾏｲｼﾞｬｸﾞﾗｰVKD,0527,-0.1,-0.7,0.2,10,12,3,1/231,1/285,1/139
2026-09-10,2026-09-10,9/10 11:01,スロット,2357,SﾏｲｼﾞｬｸﾞﾗｰVKD,0528,0.2,1.2,0.0,19,18,4,1/281,1/187,1/303
2026-09-10,2026-09-10,9/10 11:01,スロット,2357,SﾏｲｼﾞｬｸﾞﾗｰVKD,0529,-0.7,3.0,0.0,3,21,0,1/385,1/154,
2026-09-10,2026-09-10,9/10 11:01,スロット,2357,SﾏｲｼﾞｬｸﾞﾗｰVKD,0530,-1.3,-0.5,-0.2,7,6,0,1/394,1/340,1/112
2026-09-10,2026-09-10,9/10 11:01,スロット,2357,SﾏｲｼﾞｬｸﾞﾗｰVKD,0531,0.1,-0.4,-0.2,21,5,0,1/298,1/321,1/133
2026-09-10,2026-09-10,9/10 11:01,スロット,2357,SﾏｲｼﾞｬｸﾞﾗｰVKD,0532,-0.8,-1.1,-0.2,2,5,0,1/454,1/355,1/135
2026-09-10,2026-09-10,9/10 11:01,スロット,2357,SﾏｲｼﾞｬｸﾞﾗｰVKD,0533,-0.9,1.1,-0.1,5,23,0,1/353,1/233,1/101
2026-09-10,2026-09-10,9/10 11:01,スロット,2357,SﾏｲｼﾞｬｸﾞﾗｰVKD,0534,1.3,-0.1,-0.1,17,20,0,1/178,1/294,1/115
2026-09-10,2026-09-10,9/10 11:01,スロット,2357,SﾏｲｼﾞｬｸﾞﾗｰVKD,0535,-0.2,-0.8,0.0,9,0,1,1/248,1/659,1/223
2026-09-10,2026-09-10,9/10 11:01,スロット,2357,SﾏｲｼﾞｬｸﾞﾗｰVKD,0536,0.7,0.0,-0.1,26,26,0,1/247,1/275,1/79
2026-09-10,2026-09-10,9/10 11:01,スロット,3326,SﾐｽﾀｰｼﾞｬｸﾞﾗｰKK,0585,-0.9,-0.4,0.0,2,3,0,1/524,1/326,
2026-09-10,2026-09-10,9/10 11:01,スロット,3326,SﾐｽﾀｰｼﾞｬｸﾞﾗｰKK,0586,-1.4,0.3,0.0,13,18,0,1/333,1/242,
2026-09-10,2026-09-10,9/10 11:01,スロット,3326,SﾐｽﾀｰｼﾞｬｸﾞﾗｰKK,0587,-0.4,1.0,-0.1,3,18,0,1/311,1/178,1/32
2026-09-10,2026-09-10,9/10 11:01,スロット,3814,⑤L/いざ番長/SB8,0715,-0.9,-0.6,0.0,17,29,0,1/119,1/96,
2026-09-10,2026-09-10,9/10 11:01,スロット,3690,⑤L/緑ﾄﾞﾝ5/FY,0716,-3.2,1.1,-1.0,9,35,2,1/235,1/142,1/429
2026-09-10,2026-09-10,9/10 11:01,スロット,3832,⑤LBﾆｭｰﾊﾟﾙｻｰBTC9,0717,1.1,0.1,0.0,5,3,0,1/179,1/282,
2026-09-10,2026-09-10,9/10 11:01,スロット,3831,⑤LからくりｻｰｶｽG,0719,-3.0,0.2,0.0,2,22,0,1/841,1/108,
2026-09-10,2026-09-10,9/10 11:01,スロット,3830,⑤L革命機ｳﾞｧﾙｳﾞﾚｲｳﾞ2jF,0718,-2.1,-1.7,0.0,28,26,0,1/137,1/149,
2026-09-10,2026-09-10,9/10 11:01,スロット,3303,⑤S ｴｳﾚｶｾﾌﾞﾝHIEVO XS,0723,-0.1,-1.4,0.6,35,31,3,1/224,1/257,1/184
2026-09-10,2026-09-10,9/10 11:01,スロット,3311,⑤S ｶﾞﾒﾗ2 XR,0722,-1.0,-0.6,0.0,1,2,0,1/837,1/593,
2026-09-10,2026-09-10,9/10 11:01,スロット,3267,⑤S/沖ﾄﾞｷ!DUO/DH,0445,-0.1,-0.2,-0.7,0,1,1,1/25,1/342,1/557
2026-09-10,2026-09-10,9/10 11:01,スロット,3310,⑤S/沖ﾄﾞｷ!GOLD/GS,0446,1.7,-0.3,0.0,15,0,0,1/113,1/134,
2026-09-10,2026-09-10,9/10 11:01,スロット,3310,⑤S/沖ﾄﾞｷ!GOLD/GS,0447,1.4,-2.5,0.0,10,17,0,1/71,1/245,
2026-09-10,2026-09-10,9/10 11:01,スロット,3296,⑤S/ｸﾗﾝｷｰｸﾚｽﾄ/CR,0456,-2.7,0.5,0.0,12,12,0,1/398,1/193,
2026-09-10,2026-09-10,9/10 11:01,スロット,3299,⑤S/ﾊﾞｰｻｽﾘｳﾞｧｲｽﾞ/HS,0721,-1.1,-0.2,0.0,6,3,4,1/446,1/299,1/237
2026-09-10,2026-09-10,9/10 11:01,スロット,3308,⑤S炎炎ﾉ消防隊jS,0450,-1.3,2.1,0.0,2,31,0,1/450,1/99,
2026-09-10,2026-09-10,9/10 11:01,スロット,3308,⑤S炎炎ﾉ消防隊jS,0451,7.3,-0.5,-0.2,61,10,0,1/69,1/174,1/100
2026-09-10,2026-09-10,9/10 11:01,スロット,3308,⑤S炎炎ﾉ消防隊jS,0452,-0.5,0.5,-0.2,1,17,0,1/370,1/114,1/113
2026-09-10,2026-09-10,9/10 11:01,スロット,3307,⑤SｸﾞﾗﾝﾍﾞﾙﾑZXZ,0720,0.4,1.2,0.0,44,44,0,1/49,1/27,
2026-09-10,2026-09-10,9/10 11:01,スロット,3480,⑤Sﾀﾞﾝまち2XZ,0443,0.0,-0.2,0.0,0,3,0,,1/277,
2026-09-10,2026-09-10,9/10 11:01,スロット,3480,⑤Sﾀﾞﾝまち2XZ,0444,0.0,-0.9,0.0,1,7,0,1/354,1/186,
2026-09-10,2026-09-10,9/10 11:01,スロット,3302,⑤SﾊﾞｲｵﾊｻﾞｰﾄﾞRE:2 XB,0448,-2.3,0.0,-0.4,40,24,4,1/131,1/90,1/112
2026-09-10,2026-09-10,9/10 11:01,スロット,3309,⑤Sﾊﾟﾁｽﾛ甲鉄城のｶﾊﾞﾈﾘZR,0453,2.5,0.0,-1.3,24,7,0,1/40,1/80,1/736
2026-09-10,2026-09-10,9/10 11:01,スロット,3309,⑤Sﾊﾟﾁｽﾛ甲鉄城のｶﾊﾞﾈﾘZR,0454,0.0,-1.3,-0.1,0,1,2,,1/792,1/137
2026-09-10,2026-09-10,9/10 11:01,スロット,3309,⑤Sﾊﾟﾁｽﾛ甲鉄城のｶﾊﾞﾈﾘZR,0455,0.1,2.5,0.0,10,43,0,1/104,1/65,
2026-09-10,2026-09-10,9/10 11:01,スロット,3479,⑤SﾊﾟﾁｽﾛｳﾙﾄﾗﾏﾝﾀﾛｳMG,0724,-1.1,1.3,-0.4,7,11,1,1/192,1/35,1/227
2026-09-10,2026-09-10,9/10 11:01,スロット,2714,⑤ﾊﾟﾁｽﾛ頭文字D XR,0442,-0.3,0.6,0.0,2,9,0,1/187,1/227,
2026-09-10,2026-09-10,9/10 11:01,スロット,2714,⑤ﾊﾟﾁｽﾛ頭文字D XR,0449,-0.4,0.5,0.0,8,6,0,1/233,1/182,
